Date,Open,High,Low,Close,Volume,Symbol
2021-11-20,0.2952840030193329,0.32785698771476746,0.26822900772094727,0.29899001121520996,2028722,APTUSD
2021-11-21,0.2990280091762543,0.3323259949684143,0.27083298563957214,0.293969988822937,666013,APTUSD
2021-11-22,0.29424700140953064,0.3332839906215668,0.25044599175453186,0.2847540080547333,620981,APTUSD
2021-11-23,0.28477799892425537,0.28861498832702637,0.20972900092601776,0.2461860030889511,642836,APTUSD
2021-11-24,0.24621300399303436,0.24621300399303436,0.20788699388504028,0.24449799954891205,611420,APTUSD
2021-11-25,0.21339599788188934,0.2313379943370819,0.18661099672317505,0.19550099968910217,454200,APTUSD
2021-11-26,0.2313150018453598,0.25224700570106506,0.21109600365161896,0.2159229964017868,299732,APTUSD
2021-11-27,0.21592099964618683,0.2192690074443817,0.2115209996700287,0.2128800004720688,44601,APTUSD
2021-11-28,0.21286700665950775,0.2206449955701828,0.2082590013742447,0.21818900108337402,114025,APTUSD
2021-11-29,0.21805399656295776,0.21924400329589844,0.19550399482250214,0.19558000564575195,138639,APTUSD
2021-11-30,0.19557499885559082,0.1964540034532547,0.17929300665855408,0.1793929934501648,91407,APTUSD
2021-12-01,0.17938700318336487,0.179967999458313,0.1680299937725067,0.16805499792099,99197,APTUSD
2021-12-02,0.16806499660015106,0.172434002161026,0.16118499636650085,0.1666959971189499,128777,APTUSD
2021-12-03,0.16672199964523315,0.17190299928188324,0.15770399570465088,0.16391700506210327,96911,APTUSD
2021-12-04,0.1638990044593811,0.1640470027923584,0.13547499477863312,0.13570700585842133,129469,APTUSD
2021-12-05,0.1355230063199997,0.14146800339221954,0.1349090039730072,0.13793699443340302,47483,APTUSD
2021-12-06,0.13794299960136414,0.138372004032135,0.12143799662590027,0.1217309981584549,108012,APTUSD
2021-12-07,0.12166500091552734,0.12198299914598465,0.10954999923706055,0.1096939966082573,123880,APTUSD
2021-12-08,0.10968799889087677,0.11003699898719788,0.10726899653673172,0.10730099678039551,31444,APTUSD
2021-12-09,0.10731499642133713,0.10752800107002258,0.10437099635601044,0.10506200045347214,27475,APTUSD
2021-12-10,0.10504200309515,0.10516300052404404,0.09933199733495712,0.09954500198364258,60579,APTUSD
2021-12-11,0.09954000264406204,0.09957899898290634,0.09757799655199051,0.09788499772548676,10387,APTUSD
2021-12-12,0.09787800163030624,0.09823399782180786,0.09644600003957748,0.09697999805212021,17798,APTUSD
2021-12-13,0.09699500352144241,0.09731099754571915,0.08908999711275101,0.0891219973564148,33263,APTUSD
2021-12-14,0.08910100162029266,0.08924899995326996,0.08244100213050842,0.08250100165605545,5550,APTUSD
2021-12-15,0.08248800039291382,0.08298499882221222,0.08105699717998505,0.08117199689149857,19519,APTUSD
2021-12-16,0.0811619982123375,0.08141200244426727,0.07117599993944168,0.07131200283765793,64265,APTUSD
2021-12-17,0.07124300301074982,0.07150000333786011,0.06981000304222107,0.06985300034284592,16143,APTUSD
2021-12-18,0.06986699998378754,0.07156100124120712,0.06979499757289886,0.07133500277996063,14948,APTUSD
2021-12-19,0.07133699953556061,0.07143300026655197,0.07064200192689896,0.07117900252342224,7638,APTUSD
2021-12-20,0.07116600126028061,0.07127399742603302,0.07019200176000595,0.07032400369644165,8101,APTUSD
2021-12-21,0.07032199949026108,0.07040099799633026,0.06713800132274628,0.0672530010342598,20986,APTUSD
2021-12-22,0.06725800037384033,0.06732100248336792,0.06575900316238403,0.06588000059127808,12089,APTUSD
2021-12-23,0.06575699895620346,0.06609900295734406,0.06403999775648117,0.06542699784040451,26343,APTUSD
2021-12-24,0.0654039978981018,0.06586199998855591,0.06471999734640121,0.06505099684000015,12824,APTUSD
2021-12-25,0.06499499827623367,0.06515499949455261,0.0644799992442131,0.06449499726295471,5321,APTUSD
2021-12-26,0.06448899954557419,0.06538999825716019,0.06358499825000763,0.06389900296926498,22541,APTUSD
2021-12-27,0.06390299648046494,0.06570599973201752,0.05508499965071678,0.055240001529455185,94925,APTUSD
2021-12-28,0.055243998765945435,0.058017998933792114,0.05425700172781944,0.05460200086236,44725,APTUSD
2021-12-29,0.0546410009264946,0.06736700236797333,0.05458400025963783,0.06674700230360031,51793,APTUSD
2021-12-30,0.06669200211763382,0.07961300015449524,0.0666700005531311,0.07900799810886383,80476,APTUSD
2021-12-31,0.0790029987692833,0.08264599740505219,0.07889900356531143,0.08067599684000015,28235,APTUSD
2022-01-01,0.0806799978017807,0.08494099974632263,0.07824800163507462,0.08473499864339828,28309,APTUSD
2022-01-02,0.0847340002655983,0.08926600217819214,0.08466099947690964,0.08471400290727615,36814,APTUSD
2022-01-03,0.08471500128507614,0.08587399870157242,0.08171100169420242,0.08215299993753433,41527,APTUSD
2022-01-04,0.08216200023889542,0.09165199846029282,0.07863400131464005,0.09014599770307541,176170,APTUSD
2022-01-05,0.09014800190925598,0.10757099837064743,0.0879020020365715,0.09702800214290619,268345,APTUSD
2022-01-06,0.0970269963145256,0.09802299737930298,0.09177199751138687,0.0932530015707016,99837,APTUSD
2022-01-07,0.09324999898672104,0.10321199893951416,0.09126199781894684,0.09635800123214722,81122,APTUSD
2022-01-08,0.09635800123214722,0.09787900000810623,0.09392800182104111,0.09622199833393097,70452,APTUSD
2022-01-09,0.09622099995613098,0.10309900343418121,0.09617199748754501,0.1028050035238266,121071,APTUSD
2022-01-10,0.10280399769544601,0.11242000013589859,0.10240299999713898,0.10415200144052505,176047,APTUSD
2022-01-11,0.1041489988565445,0.12071699649095535,0.08013200014829636,0.08541800081729889,2512547,APTUSD
2022-01-12,0.08541899919509888,0.08566500246524811,0.07757200300693512,0.07986199855804443,376705,APTUSD
2022-01-13,0.07986100018024445,0.08035700023174286,0.07219900190830231,0.07250799983739853,137911,APTUSD
2022-01-14,0.07251100242137909,0.07265400141477585,0.06995800137519836,0.07019300013780594,195761,APTUSD
2022-01-15,0.07019399851560593,0.07077699899673462,0.06871400028467178,0.06890899688005447,153664,APTUSD
2022-01-16,0.0688600018620491,0.06950899958610535,0.06792300194501877,0.06794899702072144,166275,APTUSD
2022-01-17,0.06793499737977982,0.06871099770069122,0.06501200050115585,0.06519799679517746,240456,APTUSD
2022-01-18,0.06517700105905533,0.065761998295784,0.06333799660205841,0.06340199708938599,197983,APTUSD
2022-01-19,0.06339800357818604,0.06488999724388123,0.06224599853157997,0.06246199831366539,183248,APTUSD
2022-01-20,0.06245100125670433,0.06290899962186813,0.06151900067925453,0.06164800003170967,178323,APTUSD
2022-01-21,0.06171400099992752,0.06287000328302383,0.05776600167155266,0.05789700150489807,248909,APTUSD
2022-01-22,0.057923998683691025,0.05815599858760834,0.05431700125336647,0.05439700186252594,196648,APTUSD
2022-01-23,0.054384998977184296,0.05481699854135513,0.05413400009274483,0.05426099896430969,110090,APTUSD
2022-01-24,0.05427499860525131,0.0542990006506443,0.05154800042510033,0.05162300169467926,213256,APTUSD
2022-01-25,0.051660001277923584,0.051954999566078186,0.050797998905181885,0.05090999975800514,150420,APTUSD
2022-01-26,0.050891000777482986,0.051082998514175415,0.049286000430583954,0.04958299919962883,146887,APTUSD
2022-01-27,0.04957899823784828,0.05037799850106239,0.04902699962258339,0.04906800016760826,158899,APTUSD
2022-01-28,0.04906399920582771,0.049981001764535904,0.048774998635053635,0.04893200099468231,143789,APTUSD
2022-01-29,0.04892899841070175,0.04894699901342392,0.048604000359773636,0.04867799952626228,120779,APTUSD
2022-01-30,0.048673998564481735,0.04868900030851364,0.04809600114822388,0.04815499857068062,152945,APTUSD
2022-01-31,0.04814799875020981,0.04815100133419037,0.04770199954509735,0.04780200123786926,176973,APTUSD
2022-02-01,0.04780299961566925,0.048471998423337936,0.04635600000619888,0.046365998685359955,159831,APTUSD
2022-02-02,0.04637899994850159,0.04724600166082382,0.04633700102567673,0.0471000000834465,145965,APTUSD
2022-02-03,0.04708100110292435,0.04713499918580055,0.04636099934577942,0.046581000089645386,155717,APTUSD
2022-02-04,0.046505000442266464,0.04743099957704544,0.04624500125646591,0.04670599848031998,370031,APTUSD
2022-02-05,0.04670799896121025,0.0490959994494915,0.04613500088453293,0.047506000846624374,924959,APTUSD
2022-02-06,0.04748699814081192,0.05120300129055977,0.04743099957704544,0.04816000163555145,1064019,APTUSD
2022-02-07,0.048158999532461166,0.04978799819946289,0.047279998660087585,0.047279998660087585,506962,APTUSD
2022-02-08,0.04728600010275841,0.04895399883389473,0.0466729998588562,0.04729200154542923,621217,APTUSD
2022-02-09,0.04729900136590004,0.048200998455286026,0.0434579998254776,0.04412899911403656,644950,APTUSD
2022-02-10,0.0441260002553463,0.04416000097990036,0.042844001203775406,0.043042998760938644,193969,APTUSD
2022-02-11,0.04304099828004837,0.04306799918413162,0.04131399840116501,0.04131399840116501,193248,APTUSD
2022-02-12,0.04131300002336502,0.04131599888205528,0.04001599922776222,0.04003499820828438,402686,APTUSD
2022-02-13,0.04003399983048439,0.04006100073456764,0.03888300061225891,0.039124999195337296,130292,APTUSD
2022-02-14,0.03911599889397621,0.039257001131772995,0.038247000426054,0.03827400133013725,219627,APTUSD
2022-02-15,0.038263000547885895,0.03872700035572052,0.03642600029706955,0.03665899857878685,265028,APTUSD
2022-02-16,0.03665899857878685,0.03713399916887283,0.03653800114989281,0.03681199997663498,171428,APTUSD
2022-02-17,0.03680200129747391,0.03687199950218201,0.03654100000858307,0.036577001214027405,205868,APTUSD
2022-02-18,0.03657799959182739,0.03689900040626526,0.03634500131011009,0.03683299943804741,213276,APTUSD
2022-02-19,0.03683200106024742,0.03687699884176254,0.036322999745607376,0.03651899844408035,147690,APTUSD
2022-02-20,0.0365229994058609,0.03660900145769119,0.03609799966216087,0.03630800172686577,209362,APTUSD
2022-02-21,0.036306001245975494,0.036979999393224716,0.03334899991750717,0.03341500088572502,457935,APTUSD
2022-02-22,0.03341300040483475,0.03341300040483475,0.030594000592827797,0.030597999691963196,284753,APTUSD
2022-02-23,0.030597999691963196,0.03060300089418888,0.029261000454425812,0.02931799925863743,209451,APTUSD
2022-02-24,0.02931700088083744,0.029332999140024185,0.026379000395536423,0.02641800045967102,368652,APTUSD
2022-02-25,0.026419000700116158,0.026473000645637512,0.023607000708580017,0.024051999673247337,399094,APTUSD
2022-02-26,0.024052999913692474,0.025475999340415,0.0239850003272295,0.024575000628829002,263646,APTUSD
2022-02-27,0.024574000388383865,0.03119100071489811,0.024517999961972237,0.029782000929117203,1304815,APTUSD
2022-02-28,0.02978299930691719,0.03101300075650215,0.029604999348521233,0.03004400059580803,1786428,APTUSD
2022-03-01,0.030038999393582344,0.030189000070095062,0.029360000044107437,0.029391000047326088,219588,APTUSD
2022-03-02,0.029391000047326088,0.029436999931931496,0.027657000347971916,0.028192000463604927,257263,APTUSD
2022-03-03,0.028188999742269516,0.028372999280691147,0.027907000854611397,0.027938999235630035,177382,APTUSD
2022-03-04,0.027938999235630035,0.028334999457001686,0.02788200043141842,0.02790999971330166,201832,APTUSD
2022-03-05,0.027910999953746796,0.02796499989926815,0.02786399982869625,0.027869999408721924,155736,APTUSD
2022-03-06,0.027869999408721924,0.02800000086426735,0.027848999947309494,0.027893999591469765,206348,APTUSD
2022-03-07,0.0278949998319149,0.02790899947285652,0.02739199995994568,0.027594000101089478,565554,APTUSD
2022-03-08,0.02759600058197975,0.027682000771164894,0.025513000786304474,0.025582000613212585,643102,APTUSD
2022-03-09,0.025583000853657722,0.025645999237895012,0.024723999202251434,0.02477799914777279,252604,APTUSD
2022-03-10,0.02477799914777279,0.024808000773191452,0.023705000057816505,0.024126000702381134,217967,APTUSD
2022-03-11,0.024126999080181122,0.02414100058376789,0.023763999342918396,0.023785000666975975,177753,APTUSD
2022-03-12,0.023785000666975975,0.025356000289320946,0.023024000227451324,0.023631999269127846,2410062,APTUSD
2022-03-13,0.023631999269127846,0.023757999762892723,0.023479999974370003,0.02348100021481514,201750,APTUSD
2022-03-14,0.023478999733924866,0.02370999939739704,0.02333500050008297,0.02335900068283081,258204,APTUSD
2022-03-15,0.02335900068283081,0.024948999285697937,0.023125000298023224,0.023773999884724617,1813609,APTUSD
2022-03-16,0.023781999945640564,0.024323999881744385,0.02340099960565567,0.02355100028216839,546049,APTUSD
2022-03-17,0.02355100028216839,0.023979000747203827,0.023414000868797302,0.023926999419927597,152283,APTUSD
2022-03-18,0.023926999419927597,0.025669999420642853,0.023281000554561615,0.024066999554634094,926769,APTUSD
2022-03-19,0.024063000455498695,0.02410699985921383,0.02350500039756298,0.023533999919891357,212273,APTUSD
2022-03-20,0.023535000160336494,0.023628000169992447,0.0231890007853508,0.023250000551342964,170483,APTUSD
2022-03-21,0.023249000310897827,0.023364000022411346,0.02263600006699562,0.022657999768853188,265751,APTUSD
2022-03-22,0.022657999768853188,0.02324100024998188,0.0218339990824461,0.023183999583125114,319497,APTUSD
2022-03-23,0.023180000483989716,0.023181000724434853,0.021765999495983124,0.021821999922394753,258213,APTUSD
2022-03-24,0.021821999922394753,0.021956000477075577,0.02130500040948391,0.021757999435067177,137514,APTUSD
2022-03-25,0.021757999435067177,0.021757999435067177,0.021320000290870667,0.021320000290870667,190963,APTUSD
2022-03-26,0.021317999809980392,0.021328000351786613,0.020982999354600906,0.02109299972653389,135202,APTUSD
2022-03-27,0.021093999966979027,0.02138799987733364,0.020795999094843864,0.020864000543951988,220913,APTUSD
2022-03-28,0.020864000543951988,0.021223999559879303,0.02082199975848198,0.02097499929368496,242151,APTUSD
2022-03-29,0.02097400091588497,0.021073000505566597,0.02059200033545494,0.020597999915480614,122297,APTUSD
2022-03-30,0.020597999915480614,0.02066499926149845,0.02049100026488304,0.020640000700950623,153514,APTUSD
2022-03-31,0.020640000700950623,0.022122999653220177,0.02051899954676628,0.021695999428629875,268282,APTUSD
2022-04-01,0.021695999428629875,0.022168999537825584,0.021243000403046608,0.022113999351859093,377785,APTUSD
2022-04-02,0.022113999351859093,0.024024000391364098,0.022113999351859093,0.02396400086581707,2392687,APTUSD
2022-04-03,0.02396400086581707,0.024792000651359558,0.023927999660372734,0.024075999855995178,2184464,APTUSD
2022-04-04,0.024075999855995178,0.024334000423550606,0.02361699938774109,0.024204999208450317,1374107,APTUSD
2022-04-05,0.02420400083065033,0.024795999750494957,0.02340799942612648,0.023600000888109207,1181770,APTUSD
2022-04-06,0.023600000888109207,0.024443000555038452,0.021234000101685524,0.02142699994146824,2344496,APTUSD
2022-04-07,0.021428000181913376,0.022206999361515045,0.020462000742554665,0.020642999559640884,1341807,APTUSD
2022-04-08,0.020641999319195747,0.023110000416636467,0.02048500068485737,0.022610999643802643,2214295,APTUSD
2022-04-09,0.022606000304222107,0.02394700050354004,0.02124200016260147,0.021851999685168266,475786,APTUSD
2022-04-10,0.021841000765562057,0.023768000304698944,0.021503999829292297,0.021635999903082848,1955817,APTUSD
2022-04-11,0.021635999903082848,0.03249000012874603,0.02147199958562851,0.029258999973535538,1496861,APTUSD
2022-04-12,0.029179999604821205,0.029820000752806664,0.027946999296545982,0.027946999296545982,1077194,APTUSD
2022-04-13,0.027946999296545982,0.029357999563217163,0.026945000514388084,0.027878999710083008,2832361,APTUSD
2022-04-14,0.02788499929010868,0.029311999678611755,0.027713000774383545,0.028241999447345734,1730539,APTUSD
2022-04-15,0.028241999447345734,0.028963999822735786,0.02790600061416626,0.028217000886797905,397012,APTUSD
2022-04-16,0.028217999264597893,0.028737999498844147,0.028217000886797905,0.028342999517917633,77454,APTUSD
2022-04-17,0.028341999277472496,0.028379999101161957,0.027928000316023827,0.027998000383377075,105505,APTUSD
2022-04-18,0.027998000383377075,0.031954001635313034,0.026669999584555626,0.03075999952852726,516213,APTUSD
2022-04-19,0.03075999952852726,0.032997000962495804,0.030480999499559402,0.030700000002980232,295428,APTUSD
2022-04-20,0.030700000002980232,0.032513998448848724,0.030673999339342117,0.03121899999678135,464701,APTUSD
2022-04-21,0.031220000237226486,0.032600998878479004,0.028402000665664673,0.028473999351263046,596165,APTUSD
2022-04-22,0.028473999351263046,0.029486000537872314,0.026993999257683754,0.0272659994661808,500201,APTUSD
2022-04-23,0.02769099920988083,0.028689000755548477,0.026863999664783478,0.027571000158786774,312591,APTUSD
2022-04-24,0.027569999918341637,0.02761800028383732,0.02679700031876564,0.026868000626564026,109683,APTUSD
2022-04-25,0.026868000626564026,0.02851100079715252,0.026343999430537224,0.026474999263882637,396548,APTUSD
2022-04-26,0.026484999805688858,0.02792700007557869,0.026329999789595604,0.026427000761032104,385567,APTUSD
2022-04-27,0.026429999619722366,0.02712099999189377,0.02595200017094612,0.02616400085389614,397638,APTUSD
2022-04-28,0.026166999712586403,0.027862999588251114,0.026062000542879105,0.026391999796032906,333160,APTUSD
2022-04-29,0.02639099955558777,0.027646999806165695,0.025730999186635017,0.025861000642180443,326679,APTUSD
2022-04-30,0.025841999799013138,0.028155000880360603,0.025107000023126602,0.026667999103665352,367102,APTUSD
2022-05-01,0.026657000184059143,0.028039999306201935,0.026100000366568565,0.026683000847697258,209884,APTUSD
2022-05-02,0.026683000847697258,0.028064999729394913,0.02607700042426586,0.02616100013256073,428470,APTUSD
2022-05-03,0.026159999892115593,0.026750000193715096,0.025496000424027443,0.025609999895095825,113843,APTUSD
2022-05-04,0.025608999654650688,0.02758900076150894,0.02457300014793873,0.024764999747276306,210431,APTUSD
2022-05-05,0.02476399950683117,0.025916999205946922,0.02429099939763546,0.024302000179886818,443617,APTUSD
2022-05-06,0.024305999279022217,0.02491600066423416,0.022597000002861023,0.02266700007021427,384394,APTUSD
2022-05-07,0.02266000024974346,0.02305999957025051,0.0219579990953207,0.021964000537991524,134829,APTUSD
2022-05-08,0.021964000537991524,0.02196599915623665,0.02012700028717518,0.02016800083220005,146369,APTUSD
2022-05-09,0.02017500065267086,0.0204709991812706,0.01640300080180168,0.016906000673770905,429316,APTUSD
2022-05-10,0.016899999231100082,0.017097000032663345,0.016845999285578728,0.01702200062572956,37291,APTUSD
2022-05-11,0.01702200062572956,0.017107000574469566,0.0154600003734231,0.015500999987125397,84994,APTUSD
2022-05-12,0.015514999628067017,0.015646999701857567,0.015142999589443207,0.015208999626338482,51521,APTUSD
2022-05-13,0.015203000046312809,0.016232000663876534,0.014990000054240227,0.015537000261247158,262584,APTUSD
2022-05-14,0.015536000020802021,0.016054000705480576,0.015286000445485115,0.015356999821960926,117413,APTUSD
2022-05-15,0.015356999821960926,0.01632699929177761,0.015329999849200249,0.01538699958473444,285360,APTUSD
2022-05-16,0.01538699958473444,0.016133999451994896,0.015321999788284302,0.01549299992620945,141367,APTUSD
2022-05-17,0.01549299992620945,0.016047999262809753,0.015475999563932419,0.015577999874949455,64125,APTUSD
2022-05-18,0.015577999874949455,0.015600999817252159,0.011386999860405922,0.01181000005453825,311349,APTUSD
2022-05-19,0.011807000264525414,0.011839999817311764,0.011060000397264957,0.011103999800980091,75421,APTUSD
2022-05-20,0.011103999800980091,0.011660999618470669,0.010720999911427498,0.010824999772012234,80702,APTUSD
2022-05-21,0.010824999772012234,0.010824999772012234,0.010369000025093555,0.010599000379443169,44559,APTUSD
2022-05-22,0.010599000379443169,0.01082099974155426,0.010332000441849232,0.010370999574661255,26693,APTUSD
2022-05-23,0.010370999574661255,0.01042800024151802,0.010207000188529491,0.010250999592244625,40842,APTUSD
2022-05-24,0.010250999592244625,0.010298999957740307,0.009832999669015408,0.009859000332653522,47201,APTUSD
2022-05-25,0.009859000332653522,0.009898999705910683,0.009750000201165676,0.00975400023162365,15746,APTUSD
2022-05-26,0.00975400023162365,0.009813000448048115,0.008082999847829342,0.008082999847829342,164151,APTUSD
2022-05-27,0.008082999847829342,0.008229999803006649,0.008016999810934067,0.008225000463426113,24668,APTUSD
2022-05-28,0.008224000222980976,0.008259999565780163,0.00811500009149313,0.00813200045377016,36740,APTUSD
2022-05-29,0.008131000213325024,0.008151000365614891,0.007813000120222569,0.008009999990463257,58529,APTUSD
2022-05-30,0.008012999780476093,0.009002000093460083,0.007486999966204166,0.007993999868631363,415232,APTUSD
2022-05-31,0.007993999868631363,0.008453999646008015,0.007992999628186226,0.008186000399291515,93937,APTUSD
2022-06-01,0.008185000158846378,0.00827800016850233,0.007732999976724386,0.007790000177919865,330206,APTUSD
2022-06-02,0.007796000223606825,0.007853000424802303,0.007619999814778566,0.007631999906152487,39298,APTUSD
2022-06-03,0.007650999817997217,0.007699999958276749,0.007416999898850918,0.007459000218659639,54922,APTUSD
2022-06-04,0.007459000218659639,0.007511000148952007,0.007247000001370907,0.0073009999468922615,52402,APTUSD
2022-06-05,0.007302999962121248,0.007350000087171793,0.00711200013756752,0.007162999827414751,56261,APTUSD
2022-06-06,0.007174000144004822,0.007224000059068203,0.007027000188827515,0.007048000115901232,56822,APTUSD
2022-06-07,0.007054999936372042,0.007056000176817179,0.00686699990183115,0.006940000224858522,47610,APTUSD
2022-06-08,0.006943000014871359,0.0069989999756217,0.006612000055611134,0.006628999952226877,52102,APTUSD
2022-06-09,0.006634000223129988,0.00672800000756979,0.006612000055611134,0.006676000077277422,46290,APTUSD
2022-06-10,0.006676000077277422,0.006713999900966883,0.006492000073194504,0.0065390001982450485,24542,APTUSD
2022-06-11,0.0065390001982450485,0.006541999988257885,0.006151000037789345,0.0061690001748502254,26223,APTUSD
2022-06-12,0.0061690001748502254,0.0062350002117455006,0.005994000006467104,0.0060339998453855515,22726,APTUSD
2022-06-13,0.0060339998453855515,0.006111000198870897,0.005828999914228916,0.005861000157892704,33534,APTUSD
2022-06-14,0.005859999917447567,0.005905000027269125,0.00572599982842803,0.005799000151455402,19794,APTUSD
2022-06-15,0.005799000151455402,0.005812999792397022,0.005609000101685524,0.005791000090539455,27667,APTUSD
2022-06-16,0.005791000090539455,0.005820999853312969,0.005611000116914511,0.005625999998301268,30211,APTUSD
2022-06-17,0.005625999998301268,0.005735999904572964,0.005590999964624643,0.0056409998796880245,29469,APTUSD
2022-06-18,0.0056409998796880245,0.0061690001748502254,0.005609999876469374,0.005636000074446201,71448,APTUSD
2022-06-19,0.005636000074446201,0.005710000172257423,0.005566000007092953,0.005667000077664852,28985,APTUSD
2022-06-20,0.005667000077664852,0.005702999886125326,0.005541000049561262,0.005621999967843294,30491,APTUSD
2022-06-21,0.005621999967843294,0.005696999840438366,0.005528000183403492,0.005553999915719032,32477,APTUSD
2022-06-22,0.005553999915719032,0.005646999925374985,0.005483999848365784,0.0056409998796880245,30488,APTUSD
2022-06-23,0.0056409998796880245,0.005743999965488911,0.0055160000920295715,0.0055160000920295715,35103,APTUSD
2022-06-24,0.0055160000920295715,0.005816000048071146,0.005489999894052744,0.005795999895781279,32693,APTUSD
2022-06-25,0.005797000136226416,0.006124999839812517,0.005716000217944384,0.005830000154674053,49472,APTUSD
2022-06-26,0.005830000154674053,0.006002999842166901,0.005638000089675188,0.005657999776303768,51136,APTUSD
2022-06-27,0.005657999776303768,0.005766000133007765,0.005541000049561262,0.005739999935030937,34511,APTUSD
2022-06-28,0.005739999935030937,0.005760999862104654,0.00558000011369586,0.005690999794751406,29745,APTUSD
2022-06-29,0.005690999794751406,0.005696999840438366,0.005518999882042408,0.005557999946177006,26101,APTUSD
2022-06-30,0.005557999946177006,0.005594999995082617,0.005477000027894974,0.005578999873250723,22612,APTUSD
2022-07-01,0.005578999873250723,0.005578999873250723,0.005291000008583069,0.005541000049561262,26428,APTUSD
2022-07-02,0.005541000049561262,0.006041999906301498,0.005365999881178141,0.005413999781012535,57376,APTUSD
2022-07-03,0.005413999781012535,0.005518000107258558,0.005342000164091587,0.005491000134497881,25785,APTUSD
2022-07-04,0.005491000134497881,0.005491000134497881,0.00534699996933341,0.00545499986037612,23544,APTUSD
2022-07-05,0.00545499986037612,0.005464999936521053,0.0053449999541044235,0.005421000067144632,27145,APTUSD
2022-07-06,0.005421000067144632,0.005442999769002199,0.005396000109612942,0.005427999887615442,26229,APTUSD
2022-07-07,0.005427999887615442,0.005450000055134296,0.005400000140070915,0.005415000021457672,23563,APTUSD
2022-07-08,0.005415000021457672,0.005439999978989363,0.005379000212997198,0.005415000021457672,23225,APTUSD
2022-07-09,0.005415000021457672,0.0054870001040399075,0.005367000121623278,0.005462999921292067,45635,APTUSD
2022-07-10,0.005462999921292067,0.005489000119268894,0.005439999978989363,0.005462000146508217,50191,APTUSD
2022-07-11,0.00546000013127923,0.00547999981790781,0.005427999887615442,0.00544800003990531,68734,APTUSD
2022-07-12,0.005456999875605106,0.005561999976634979,0.00523399980738759,0.005288000218570232,60157,APTUSD
2022-07-13,0.005289999768137932,0.006118999794125557,0.00520800007507205,0.005557000171393156,66225,APTUSD
2022-07-14,0.005557000171393156,0.005913999862968922,0.0054259998723864555,0.005526000168174505,66449,APTUSD
2022-07-15,0.005526000168174505,0.005572999827563763,0.00545499986037612,0.005520999897271395,52898,APTUSD
2022-07-16,0.005520000122487545,0.005652999971061945,0.005080999806523323,0.005286999978125095,46081,APTUSD
2022-07-17,0.005288999993354082,0.005348999984562397,0.005276999901980162,0.005303000099956989,43831,APTUSD
2022-07-18,0.005303999874740839,0.005379999987781048,0.005295999813824892,0.00532899983227253,63880,APTUSD
2022-07-19,0.005324000027030706,0.0053369998931884766,0.005257999990135431,0.0052720000967383385,53633,APTUSD
2022-07-20,0.0052709998562932014,0.005305999889969826,0.005135000217705965,0.005160999950021505,58058,APTUSD
2022-07-21,0.005162000190466642,0.005166999995708466,0.005115000065416098,0.005156999919563532,57306,APTUSD
2022-07-22,0.005156999919563532,0.005249000154435635,0.004953000228852034,0.0050039999186992645,66070,APTUSD
2022-07-23,0.004997000098228455,0.005034999921917915,0.004976999945938587,0.004984000232070684,55174,APTUSD
2022-07-24,0.004980999976396561,0.005022000055760145,0.004972999915480614,0.004993000067770481,50463,APTUSD
2022-07-25,0.004997999873012304,0.005018000025302172,0.004860000219196081,0.004889000207185745,48505,APTUSD
2022-07-26,0.0048859999515116215,0.004900999832898378,0.0047160000540316105,0.004898999817669392,56752,APTUSD
2022-07-27,0.004904000088572502,0.0067819999530911446,0.004869000054895878,0.006140999961644411,238679,APTUSD
2022-07-28,0.006140999961644411,0.006225000135600567,0.005911999847739935,0.00595200015231967,89574,APTUSD
2022-07-29,0.0059529999271035194,0.006101000122725964,0.005900000222027302,0.0060350000858306885,64321,APTUSD
2022-07-30,0.0060339998453855515,0.006173999980092049,0.006004000082612038,0.006128000095486641,54715,APTUSD
2022-07-31,0.006128000095486641,0.006155999843031168,0.005903999786823988,0.005923999939113855,58107,APTUSD
2022-08-01,0.005923999939113855,0.005942000076174736,0.0059090000577270985,0.005925000179558992,59807,APTUSD
2022-08-02,0.005923000164330006,0.00598399993032217,0.005907000042498112,0.0059710000641644,57558,APTUSD
2022-08-03,0.005973000079393387,0.005987000185996294,0.005896000191569328,0.005927000194787979,61617,APTUSD
2022-08-04,0.005919999908655882,0.005950999911874533,0.005882000084966421,0.005898000206798315,60160,APTUSD
2022-08-05,0.0059079998172819614,0.006041000131517649,0.005896000191569328,0.006018000189214945,63109,APTUSD
2022-08-06,0.006020999979227781,0.006041000131517649,0.00597199983894825,0.006008999887853861,48733,APTUSD
2022-08-07,0.006010000128298998,0.006062000058591366,0.005996000021696091,0.0060339998453855515,52203,APTUSD
2022-08-08,0.0060350000858306885,0.006039000116288662,0.005994999781250954,0.006010000128298998,53225,APTUSD
2022-08-09,0.006010999903082848,0.0060189999639987946,0.005888999905437231,0.005913999862968922,58853,APTUSD
2022-08-10,0.005913999862968922,0.00596599979326129,0.005872999783605337,0.005931000225245953,67459,APTUSD
2022-08-11,0.005932000000029802,0.006062000058591366,0.0059090000577270985,0.0060430001467466354,66962,APTUSD
2022-08-12,0.006041999906301498,0.006087000016123056,0.0060270000249147415,0.0060709998942911625,59517,APTUSD
2022-08-13,0.006066999863833189,0.006132000125944614,0.006045000161975622,0.006074999924749136,70230,APTUSD
2022-08-14,0.006076000165194273,0.006157999858260155,0.005876999814063311,0.0059009999968111515,66603,APTUSD
2022-08-15,0.005903000012040138,0.005909999832510948,0.0057760002091526985,0.005795999895781279,51263,APTUSD
2022-08-16,0.005791000090539455,0.005847000051289797,0.005714999977499247,0.005735000129789114,64380,APTUSD
2022-08-17,0.005735000129789114,0.0057669999077916145,0.00558099988847971,0.005623000208288431,73599,APTUSD
2022-08-18,0.005626999773085117,0.005745000205934048,0.0055740000680089,0.005619000177830458,50247,APTUSD
2022-08-19,0.005619000177830458,0.0056329998187720776,0.005452999845147133,0.0054709999822080135,55478,APTUSD
2022-08-20,0.00546600017696619,0.00558099988847971,0.0048859999515116215,0.004910999909043312,117235,APTUSD
2022-08-21,0.004910000134259462,0.00494399992749095,0.004863000009208918,0.0048859999515116215,67565,APTUSD
2022-08-22,0.0048859999515116215,0.004912999924272299,0.004656999837607145,0.004681000020354986,62466,APTUSD
2022-08-23,0.004683000035583973,0.004693999886512756,0.004505000077188015,0.004596000071614981,57460,APTUSD
2022-08-24,0.004596000071614981,0.0046339998953044415,0.004575000144541264,0.004588000010699034,54088,APTUSD
2022-08-25,0.0045889997854828835,0.004604999907314777,0.004538999870419502,0.004550000187009573,48659,APTUSD
2022-08-26,0.0045540002174675465,0.004561000037938356,0.004404000006616116,0.004412999842315912,57088,APTUSD
2022-08-27,0.004412999842315912,0.004461000207811594,0.004228000063449144,0.004273999948054552,51719,APTUSD
2022-08-28,0.004277000203728676,0.0042779999785125256,0.004137000069022179,0.004143000114709139,60370,APTUSD
2022-08-29,0.004145999904721975,0.004246000200510025,0.003978000022470951,0.004075000062584877,73561,APTUSD
2022-08-30,0.004077000077813864,0.0040799998678267,0.003911999985575676,0.003932999912649393,73477,APTUSD
2022-08-31,0.003932999912649393,0.004025000147521496,0.003894000081345439,0.003988000098615885,51381,APTUSD
2022-09-01,0.003988000098615885,0.003988000098615885,0.0037140001077204943,0.0037539999466389418,58050,APTUSD
2022-09-02,0.0037539999466389418,0.003986999858170748,0.0037320000119507313,0.003911000210791826,50898,APTUSD
2022-09-03,0.003911000210791826,0.004021000117063522,0.0039049999322742224,0.003945999778807163,47897,APTUSD
2022-09-04,0.003945999778807163,0.004040999803692102,0.003914999775588512,0.003951000049710274,56457,APTUSD
2022-09-05,0.003961999900639057,0.003992999903857708,0.0036200000904500484,0.0036609999369829893,48884,APTUSD
2022-09-06,0.0036669999826699495,0.0037579999770969152,0.0036100000143051147,0.003656999906525016,76721,APTUSD
2022-09-07,0.0036510000936686993,0.003926000092178583,0.0036329999566078186,0.0038840000052005053,65036,APTUSD
2022-09-08,0.0038799999747425318,0.003951000049710274,0.003739000065252185,0.0038350000977516174,62275,APTUSD
2022-09-09,0.0038399999029934406,0.003911999985575676,0.0037189999129623175,0.003734000027179718,65530,APTUSD
2022-09-10,0.003731000004336238,0.0039029999170452356,0.0037140001077204943,0.0038840000052005053,59746,APTUSD
2022-09-11,0.0038900000508874655,0.003907000180333853,0.003783999942243099,0.00380500010214746,48099,APTUSD
2022-09-12,0.00380500010214746,0.003860000055283308,0.003788999980315566,0.003855000017210841,58111,APTUSD
2022-09-13,0.003855000017210841,0.003969999961555004,0.0038030000869184732,0.003894000081345439,71944,APTUSD
2022-09-14,0.00392200006172061,0.0039470000192523,0.0038240000139921904,0.0038870000280439854,50094,APTUSD
2022-09-15,0.0038900000508874655,0.0038980001118034124,0.0038189999759197235,0.003871999913826585,50322,APTUSD
2022-09-16,0.003871999913826585,0.0038870000280439854,0.0037769998889416456,0.003854000009596348,84041,APTUSD
2022-09-17,0.003855000017210841,0.003898999886587262,0.003837999887764454,0.0038509999867528677,67834,APTUSD
2022-09-18,0.0038509999867528677,0.0038590000476688147,0.0037380000576376915,0.0037430000957101583,58977,APTUSD
2022-09-19,0.0037430000957101583,0.003932999912649393,0.003737000050023198,0.0038739999290555716,50818,APTUSD
2022-09-20,0.003874999936670065,0.003942999988794327,0.003863000078126788,0.0039019999094307423,49203,APTUSD
2022-09-21,0.0039029999170452356,0.003907000180333853,0.0038240000139921904,0.0038479999639093876,46285,APTUSD
2022-09-22,0.003845999948680401,0.003918000031262636,0.003800000064074993,0.0038880000356584787,50069,APTUSD
2022-09-23,0.0038880000356584787,0.003918000031262636,0.0037879999727010727,0.0037899999879300594,56780,APTUSD
2022-09-24,0.003788999980315566,0.003800000064074993,0.003594999900087714,0.003640000009909272,63358,APTUSD
2022-09-25,0.0036329999566078186,0.0037070000544190407,0.003548000007867813,0.0036120000295341015,56858,APTUSD
2022-09-26,0.0036120000295341015,0.003938999958336353,0.0035880000796169043,0.003727999981492758,85904,APTUSD
2022-09-27,0.003728999989107251,0.003728999989107251,0.003653000108897686,0.0036780000664293766,58716,APTUSD
2022-09-28,0.003671000013127923,0.0037849999498575926,0.0036589999217540026,0.003768000053241849,56146,APTUSD
2022-09-29,0.0037690000608563423,0.003872999921441078,0.0035729999653995037,0.0035780000034719706,100230,APTUSD
2022-09-30,0.0035780000034719706,0.003951000049710274,0.0035620001144707203,0.003944000229239464,70919,APTUSD
2022-10-01,0.0039450000040233135,0.00395399983972311,0.003567999927327037,0.0036150000523775816,54882,APTUSD
2022-10-02,0.0036170000676065683,0.0038469999562948942,0.003602999961003661,0.0037700000684708357,75026,APTUSD
2022-10-03,0.003771000076085329,0.0037789999041706324,0.003728999989107251,0.003759999992325902,68817,APTUSD
2022-10-04,0.003759999992325902,0.00381199992261827,0.0037430000957101583,0.0037819999270141125,58983,APTUSD
2022-10-05,0.0037720000836998224,0.0038040000945329666,0.0036989999935030937,0.003759999992325902,66500,APTUSD
2022-10-06,0.003759999992325902,0.0037789999041706324,0.0037159998901188374,0.0037700000684708357,55976,APTUSD
2022-10-07,0.0037700000684708357,0.0037960000336170197,0.0037239999510347843,0.0037430000957101583,62235,APTUSD
2022-10-08,0.003742000088095665,0.0037499999161809683,0.003717999905347824,0.0037360000424087048,54671,APTUSD
2022-10-09,0.0037360000424087048,0.003745000110939145,0.0036830001045018435,0.0037189999129623175,68046,APTUSD
2022-10-10,0.0037189999129623175,0.0037960000336170197,0.003700000001117587,0.003700000001117587,67361,APTUSD
2022-10-11,0.0036989999935030937,0.003829000052064657,0.0036959999706596136,0.003734000027179718,65452,APTUSD
2022-10-12,0.0037350000347942114,0.003771000076085329,0.003722999943420291,0.0037579999770969152,45393,APTUSD
2022-10-13,0.0037579999770969152,0.003828000044450164,0.003737000050023198,0.003783999942243099,68290,APTUSD
2022-10-14,0.0037869999650865793,0.0037990000564604998,0.003748999908566475,0.003756999969482422,55356,APTUSD
2022-10-15,0.003756999969482422,0.004174999892711639,0.0037400000728666782,0.004007999785244465,76082,APTUSD
2022-10-16,0.004007999785244465,0.004153999965637922,0.003955999854952097,0.004004999995231628,74685,APTUSD
2022-10-17,0.004011000040918589,0.0040779998525977135,0.003998999949544668,0.004031999967992306,67560,APTUSD
2022-10-18,0.004031999967992306,0.010010000318288803,0.004000000189989805,0.009535999968647957,1236145,APTUSD
2022-10-19,0.009535999968647957,0.011206000111997128,0.0049310000613331795,0.0076299998909235,866691,APTUSD
2022-10-20,0.007631999906152487,0.008337000384926796,0.0031850000377744436,0.0036359999794512987,123652,APTUSD
2022-10-21,0.0036359999794512987,0.0040779998525977135,0.002592999953776598,0.0025939999613910913,21357,APTUSD
2022-10-22,0.0025939999613910913,0.0028520000632852316,0.002317999955266714,0.002317999955266714,16212,APTUSD
2022-10-23,0.002317999955266714,0.0028359999414533377,0.001962000038474798,0.0019970000721514225,94407,APTUSD
2022-10-24,0.001998000079765916,0.0024029999040067196,0.0019280000124126673,0.0019310000352561474,4009,APTUSD
2022-10-25,0.0019310000352561474,0.002309999894350767,0.0019150000298395753,0.0019600000232458115,3613,APTUSD
2022-10-26,0.0019600000232458115,0.0021210000850260258,0.0019460000330582261,0.002068999921903014,25595,APTUSD
2022-10-27,0.002068999921903014,0.002068999921903014,0.0020409999415278435,0.002044999971985817,1383,APTUSD
2022-10-28,0.002044999971985817,0.002056000055745244,0.002044999971985817,0.0020540000405162573,499,APTUSD
2022-10-29,0.0020540000405162573,0.0020550000481307507,0.00203999993391335,0.0020409999415278435,687,APTUSD
2022-10-30,0.0020409999415278435,0.002119000069797039,0.002025000052526593,0.0020349998958408833,895,APTUSD
2022-10-31,0.0020349998958408833,0.002068999921903014,0.0020260000601410866,0.002067999914288521,3385,APTUSD
2022-11-01,0.002067999914288521,0.0020729999523609877,0.0020520000252872705,0.002068999921903014,1090,APTUSD
2022-11-02,0.002068999921903014,0.002078999998047948,0.002067999914288521,0.002076999982818961,794,APTUSD
2022-11-03,0.002076999982818961,0.0020940001122653484,0.0020459999796003103,0.0020940001122653484,9488,APTUSD
2022-11-04,0.0020940001122653484,0.0021430000197142363,0.0020940001122653484,0.002096999902278185,6813,APTUSD
2022-11-05,0.002096999902278185,0.0021120000164955854,0.0020860000513494015,0.002104999963194132,8128,APTUSD
2022-11-06,0.002104999963194132,0.0021210000850260258,0.0020749999675899744,0.002078999998047948,3438,APTUSD
2022-11-07,0.002078999998047948,0.0020860000513494015,0.002065999899059534,0.002085000043734908,4139,APTUSD
2022-11-08,0.002085000043734908,0.002104999963194132,0.0020630001090466976,0.002088000066578388,14278,APTUSD
2022-11-09,0.002088000066578388,0.002088000066578388,0.0019470000406727195,0.0019470000406727195,7285,APTUSD
2022-11-10,0.0019470000406727195,0.0019480000482872128,0.0019290000200271606,0.001930000027641654,1714,APTUSD
2022-11-11,0.001930000027641654,0.0019320000428706408,0.001917000045068562,0.0019180000526830554,635,APTUSD
2022-11-12,0.0019180000526830554,0.0019180000526830554,0.001908999984152615,0.0019099999917671084,647,APTUSD
2022-11-13,0.0019099999917671084,0.0019109999993816018,0.0018759999657049775,0.0018759999657049775,1250,APTUSD
2022-11-14,0.0018759999657049775,0.0018769999733194709,0.0017330000409856439,0.0018269999418407679,2072,APTUSD
2022-11-15,0.0018269999418407679,0.0018550000386312604,0.0017659999430179596,0.0018439999548718333,8372,APTUSD
2022-11-16,0.0018439999548718333,0.0018439999548718333,0.0018240000354126096,0.0018240000354126096,1403,APTUSD
2022-11-17,0.001825000043027103,0.0018560000462457538,0.0018210000125691295,0.0018220000201836228,7938,APTUSD
2022-11-18,0.0018220000201836228,0.0018220000201836228,0.0018090000376105309,0.0018090000376105309,378,APTUSD
2022-11-19,0.0018090000376105309,0.0018100000452250242,0.0016759999562054873,0.0017140000127255917,4363,APTUSD
2022-11-20,0.0017140000127255917,0.0017140000127255917,0.0016720000421628356,0.001673000049777329,2526,APTUSD
2022-11-21,0.001673000049777329,0.001673000049777329,0.0016589999431744218,0.0016599999507889152,180,APTUSD
2022-11-22,0.0016599999507889152,0.0016609999584034085,0.001636000000871718,0.001639000023715198,3025,APTUSD
2022-11-23,0.001639000023715198,0.001639000023715198,0.0015670000575482845,0.0015670000575482845,2297,APTUSD
2022-11-24,0.0015670000575482845,0.0015699999639764428,0.001563000027090311,0.001563000027090311,271,APTUSD
2022-11-25,0.001563000027090311,0.001563000027090311,0.001534000039100647,0.001534000039100647,1988,APTUSD
2022-11-26,0.001534000039100647,0.0015350000467151403,0.0015269999857991934,0.0015269999857991934,607,APTUSD
2022-11-27,0.0015269999857991934,0.0015269999857991934,0.0014880000380799174,0.0014949999749660492,3142,APTUSD
2022-11-28,0.0014949999749660492,0.0014959999825805426,0.0014850000152364373,0.001487000030465424,353,APTUSD
2022-11-29,0.0014880000380799174,0.0014880000380799174,0.001484000007621944,0.001484000007621944,63,APTUSD
2022-11-30,0.001484000007621944,0.0014890000456944108,0.0014809999847784638,0.001484000007621944,177,APTUSD
2022-12-01,0.001484000007621944,0.0014900000533089042,0.0014750000555068254,0.0014750000555068254,801,APTUSD
2022-12-02,0.0014750000555068254,0.0014769999543204904,0.0014720000326633453,0.0014720000326633453,213,APTUSD
2022-12-03,0.0014720000326633453,0.0014720000326633453,0.001471000025048852,0.0014720000326633453,7,APTUSD
2022-12-04,0.0014720000326633453,0.0014730000402778387,0.0014700000174343586,0.0014720000326633453,1,APTUSD
2022-12-05,0.0014720000326633453,0.0014730000402778387,0.001471000025048852,0.001471000025048852,100,APTUSD
2022-12-06,0.001471000025048852,0.001471000025048852,0.0014700000174343586,0.0014700000174343586,0,APTUSD
2022-12-07,0.0014700000174343586,0.0014720000326633453,0.0014700000174343586,0.0014700000174343586,30,APTUSD
2022-12-08,0.0014700000174343586,0.0014700000174343586,0.0014690000098198652,0.0014690000098198652,74,APTUSD
2022-12-09,0.0014690000098198652,0.0014690000098198652,0.0014680000022053719,0.0014690000098198652,36,APTUSD
2022-12-10,0.0014690000098198652,0.0014690000098198652,0.0014680000022053719,0.0014680000022053719,23,APTUSD
2022-12-11,0.0014680000022053719,0.0014690000098198652,0.0014619999565184116,0.0014649999793618917,204,APTUSD
2022-12-12,0.0014649999793618917,0.0014669999945908785,0.0014649999793618917,0.0014649999793618917,1,APTUSD
2022-12-13,0.0014649999793618917,0.0014659999869763851,0.0014609999489039183,0.0014649999793618917,27,APTUSD
2022-12-14,0.0014649999793618917,0.0014649999793618917,0.0014600000577047467,0.0014600000577047467,22,APTUSD
2022-12-15,0.0014600000577047467,0.0014619999565184116,0.0014570000348612666,0.0014619999565184116,75,APTUSD
2022-12-16,0.0014619999565184116,0.0014619999565184116,0.0014430000446736813,0.0014440000522881746,552,APTUSD
2022-12-17,0.0014440000522881746,0.0014519999967887998,0.0014430000446736813,0.0014430000446736813,34,APTUSD
2022-12-18,0.0014430000446736813,0.0014430000446736813,0.0014400000218302011,0.0014400000218302011,182,APTUSD
2022-12-19,0.0014400000218302011,0.0014410000294446945,0.0014349999837577343,0.0014359999913722277,278,APTUSD
2022-12-20,0.0014359999913722277,0.0014380000066012144,0.001415999955497682,0.0014169999631121755,672,APTUSD
2022-12-21,0.0014169999631121755,0.001429000054486096,0.0014149999478831887,0.0014149999478831887,91,APTUSD
2022-12-22,0.0014149999478831887,0.0014149999478831887,0.0014140000566840172,0.0014149999478831887,17,APTUSD
2022-12-23,0.0014149999478831887,0.0014189999783411622,0.0014140000566840172,0.0014189999783411622,46,APTUSD
2022-12-24,0.0014189999783411622,0.0014199999859556556,0.0014149999478831887,0.0014189999783411622,21,APTUSD
2022-12-25,0.0014189999783411622,0.001471000025048852,0.0014130000490695238,0.0014149999478831887,20,APTUSD
2022-12-26,0.0014149999478831887,0.0014169999631121755,0.0014019999653100967,0.0014029999729245901,911,APTUSD
2022-12-27,0.0014029999729245901,0.0014090000186115503,0.0014019999653100967,0.0014090000186115503,18,APTUSD
2022-12-28,0.0014090000186115503,0.0014090000186115503,0.0013960000360384583,0.0013960000360384583,576,APTUSD
2022-12-29,0.0013960000360384583,0.0014049999881535769,0.0013960000360384583,0.0013960000360384583,3,APTUSD
2022-12-30,0.0013960000360384583,0.0013960000360384583,0.0013790000230073929,0.001382000045850873,1372,APTUSD
2022-12-31,0.001382000045850873,0.001382000045850873,0.0013760000001639128,0.0013780000153928995,298,APTUSD
