,Date,Open,High,Low,Close,Volume,Symbol
0,2020-05-01,10.149999618530273,10.149999618530273,9.779999732971191,9.779999732971191,15100,UWMC
1,2020-05-04,10.260000228881836,10.260000228881836,10.260000228881836,10.260000228881836,300,UWMC
2,2020-05-05,10.199999809265137,10.199999809265137,10.043000221252441,10.199999809265137,1100,UWMC
3,2020-05-06,10.199999809265137,10.199999809265137,10.199999809265137,10.199999809265137,0,UWMC
4,2020-05-07,10.0,10.0,10.0,10.0,21500,UWMC
5,2020-05-08,10.0,10.0,10.0,10.0,9100,UWMC
6,2020-05-11,10.0,10.0,10.0,10.0,400,UWMC
7,2020-05-12,10.050000190734863,10.050000190734863,10.0,10.0,7700,UWMC
8,2020-05-13,10.0,10.050000190734863,10.0,10.050000190734863,3300,UWMC
9,2020-05-14,10.0,10.0,9.960000038146973,9.960000038146973,700,UWMC
10,2020-05-15,9.960000038146973,9.960000038146973,9.960000038146973,9.960000038146973,0,UWMC
11,2020-05-18,9.960000038146973,9.960000038146973,9.960000038146973,9.960000038146973,0,UWMC
12,2020-05-19,10.050000190734863,10.050000190734863,10.050000190734863,10.050000190734863,400,UWMC
13,2020-05-20,10.050000190734863,10.050000190734863,10.050000190734863,10.050000190734863,800,UWMC
14,2020-05-21,10.050000190734863,10.050000190734863,10.050000190734863,10.050000190734863,0,UWMC
15,2020-05-22,10.050000190734863,10.050000190734863,10.050000190734863,10.050000190734863,0,UWMC
16,2020-05-26,10.050000190734863,10.050000190734863,10.050000190734863,10.050000190734863,300,UWMC
17,2020-05-27,10.050000190734863,10.050000190734863,10.050000190734863,10.050000190734863,0,UWMC
18,2020-05-28,10.050000190734863,10.050000190734863,10.04699993133545,10.04699993133545,2500,UWMC
19,2020-05-29,10.0,10.0,9.975000381469727,9.982999801635742,400,UWMC
20,2020-06-01,10.0,10.039999961853027,9.944999694824219,10.039999961853027,317400,UWMC
21,2020-06-02,10.039999961853027,10.048999786376953,9.949999809265137,10.039999961853027,6900,UWMC
22,2020-06-03,10.050000190734863,10.050000190734863,10.050000190734863,10.050000190734863,200,UWMC
23,2020-06-04,10.020999908447266,10.020999908447266,10.020999908447266,10.020999908447266,400,UWMC
24,2020-06-05,10.079999923706055,10.079999923706055,9.949999809265137,9.949999809265137,3300,UWMC
25,2020-06-08,9.949999809265137,9.949999809265137,9.949999809265137,9.949999809265137,0,UWMC
26,2020-06-09,10.045000076293945,10.045000076293945,10.045000076293945,10.045000076293945,100,UWMC
27,2020-06-10,10.050000190734863,10.050000190734863,10.050000190734863,10.050000190734863,20800,UWMC
28,2020-06-11,10.050000190734863,10.050000190734863,9.949999809265137,10.0,102400,UWMC
29,2020-06-12,10.050000190734863,10.050000190734863,9.949999809265137,10.039999961853027,2000,UWMC
30,2020-06-15,10.039999961853027,10.039999961853027,10.039999961853027,10.039999961853027,0,UWMC
31,2020-06-16,10.050000190734863,10.050000190734863,10.0,10.0,900,UWMC
32,2020-06-17,10.100000381469727,10.100000381469727,10.100000381469727,10.100000381469727,6400,UWMC
33,2020-06-18,10.0,10.039999961853027,10.0,10.0,4800,UWMC
34,2020-06-19,10.0,10.0,10.0,10.0,0,UWMC
35,2020-06-22,10.130000114440918,10.149999618530273,10.0,10.026000022888184,20300,UWMC
36,2020-06-23,10.010000228881836,10.020000457763672,10.0,10.020000457763672,700,UWMC
37,2020-06-24,10.09000015258789,10.09000015258789,10.09000015258789,10.09000015258789,200,UWMC
38,2020-06-25,10.229999542236328,10.229999542236328,10.229999542236328,10.229999542236328,10000,UWMC
39,2020-06-26,10.34000015258789,10.34000015258789,10.182999610900879,10.239999771118164,1000,UWMC
40,2020-06-29,10.039999961853027,10.039999961853027,10.039999961853027,10.039999961853027,300,UWMC
41,2020-06-30,10.15999984741211,10.170000076293945,10.069999694824219,10.140000343322754,17200,UWMC
42,2020-07-01,10.069999694824219,10.470000267028809,10.069999694824219,10.199999809265137,33900,UWMC
43,2020-07-02,10.210000038146973,10.267999649047852,10.199999809265137,10.199999809265137,11500,UWMC
44,2020-07-06,10.199999809265137,10.199999809265137,10.199999809265137,10.199999809265137,0,UWMC
45,2020-07-07,10.199999809265137,10.199999809265137,10.199999809265137,10.199999809265137,0,UWMC
46,2020-07-08,10.199999809265137,10.199999809265137,10.199999809265137,10.199999809265137,0,UWMC
47,2020-07-09,10.25,10.300000190734863,10.199999809265137,10.199999809265137,800,UWMC
48,2020-07-10,10.199999809265137,10.350000381469727,10.199999809265137,10.350000381469727,24900,UWMC
49,2020-07-13,10.300000190734863,10.529999732971191,10.289999961853027,10.449999809265137,38900,UWMC
50,2020-07-14,10.550000190734863,10.550000190734863,10.550000190734863,10.550000190734863,500,UWMC
51,2020-07-15,10.329999923706055,10.380000114440918,10.329999923706055,10.380000114440918,5800,UWMC
52,2020-07-16,10.579999923706055,10.760000228881836,10.25,10.579999923706055,35900,UWMC
53,2020-07-17,10.309000015258789,10.5,10.309000015258789,10.5,51300,UWMC
54,2020-07-20,10.359999656677246,10.359999656677246,10.359999656677246,10.359999656677246,600,UWMC
55,2020-07-21,10.399999618530273,10.600000381469727,10.399999618530273,10.600000381469727,1659500,UWMC
56,2020-07-22,10.579999923706055,10.59000015258789,10.5,10.579999923706055,1800,UWMC
57,2020-07-23,10.951000213623047,10.951000213623047,10.739999771118164,10.739999771118164,700,UWMC
58,2020-07-24,10.4399995803833,10.664999961853027,10.399999618530273,10.550000190734863,38000,UWMC
59,2020-07-27,10.510000228881836,10.640000343322754,10.449999809265137,10.5600004196167,36700,UWMC
60,2020-07-28,10.5600004196167,10.5600004196167,10.5600004196167,10.5600004196167,0,UWMC
61,2020-07-29,10.699999809265137,10.699999809265137,10.489999771118164,10.489999771118164,2400,UWMC
62,2020-07-30,10.359999656677246,10.399999618530273,10.359999656677246,10.399999618530273,1100,UWMC
63,2020-07-31,10.319999694824219,10.380000114440918,10.119999885559082,10.260000228881836,257300,UWMC
64,2020-08-03,10.319999694824219,10.350000381469727,10.300000190734863,10.350000381469727,67800,UWMC
65,2020-08-04,10.430000305175781,10.489999771118164,10.270000457763672,10.489999771118164,4700,UWMC
66,2020-08-05,10.470000267028809,10.5,10.359999656677246,10.470000267028809,8200,UWMC
67,2020-08-06,10.5,10.5,10.479999542236328,10.5,2500,UWMC
68,2020-08-07,10.5,10.829999923706055,10.449999809265137,10.569999694824219,274000,UWMC
69,2020-08-10,10.470000267028809,10.699999809265137,10.470000267028809,10.6899995803833,16600,UWMC
70,2020-08-11,10.65999984741211,10.789999961853027,10.649999618530273,10.78499984741211,44700,UWMC
71,2020-08-12,10.760000228881836,10.930000305175781,10.760000228881836,10.833000183105469,56400,UWMC
72,2020-08-13,10.600000381469727,10.949999809265137,10.579999923706055,10.579999923706055,19200,UWMC
73,2020-08-14,10.550000190734863,10.649999618530273,10.510000228881836,10.59000015258789,253100,UWMC
74,2020-08-17,10.59000015258789,10.59000015258789,10.59000015258789,10.59000015258789,0,UWMC
75,2020-08-18,10.5,10.59000015258789,10.3100004196167,10.369999885559082,47200,UWMC
76,2020-08-19,10.420000076293945,10.640000343322754,10.350000381469727,10.350000381469727,139100,UWMC
77,2020-08-20,10.300000190734863,10.470000267028809,10.1850004196167,10.460000038146973,89800,UWMC
78,2020-08-21,10.4399995803833,10.5,10.390000343322754,10.390000343322754,3700,UWMC
79,2020-08-24,10.699999809265137,10.699999809265137,10.399999618530273,10.5,13100,UWMC
80,2020-08-25,10.5,10.5,10.3100004196167,10.5,58400,UWMC
81,2020-08-26,10.425000190734863,10.5,10.399999618530273,10.5,271100,UWMC
82,2020-08-27,10.479999542236328,10.5,10.449999809265137,10.470000267028809,16400,UWMC
83,2020-08-28,10.5,10.829999923706055,10.5,10.720000267028809,722100,UWMC
84,2020-08-31,10.557000160217285,10.640000343322754,10.539999961853027,10.539999961853027,1900,UWMC
85,2020-09-01,10.539999961853027,10.539999961853027,10.5,10.5,1700,UWMC
86,2020-09-02,10.600000381469727,10.9399995803833,10.539999961853027,10.880000114440918,143600,UWMC
87,2020-09-03,10.619999885559082,10.67300033569336,10.510000228881836,10.510000228881836,55400,UWMC
88,2020-09-04,10.718999862670898,10.84000015258789,10.5,10.600000381469727,925900,UWMC
89,2020-09-08,10.75,10.979999542236328,10.65999984741211,10.75,73200,UWMC
90,2020-09-09,10.850000381469727,10.850000381469727,10.65999984741211,10.800000190734863,247800,UWMC
91,2020-09-10,10.800000190734863,10.800000190734863,10.699999809265137,10.779999732971191,17100,UWMC
92,2020-09-11,10.65999984741211,10.850000381469727,10.649999618530273,10.800000190734863,12900,UWMC
93,2020-09-14,10.800000190734863,10.800000190734863,10.5600004196167,10.800000190734863,13200,UWMC
94,2020-09-15,10.850000381469727,10.850000381469727,10.680000305175781,10.6899995803833,14300,UWMC
95,2020-09-16,10.819999694824219,10.850000381469727,10.649999618530273,10.760000228881836,13800,UWMC
96,2020-09-17,10.850000381469727,10.899999618530273,10.75,10.850000381469727,40800,UWMC
97,2020-09-18,10.779999732971191,11.0,10.779999732971191,11.0,237400,UWMC
98,2020-09-21,11.0,11.199999809265137,10.720000267028809,10.9399995803833,86400,UWMC
99,2020-09-22,10.906999588012695,10.979999542236328,10.600000381469727,10.8100004196167,43100,UWMC
100,2020-09-23,11.350000381469727,11.390000343322754,10.350000381469727,10.449999809265137,8549800,UWMC
101,2020-09-24,10.529999732971191,10.548999786376953,10.140000343322754,10.199999809265137,1966300,UWMC
102,2020-09-25,10.289999961853027,10.5,10.170000076293945,10.350000381469727,1515100,UWMC
103,2020-09-28,10.489999771118164,10.5,10.300000190734863,10.460000038146973,589000,UWMC
104,2020-09-29,10.460000038146973,10.5,10.420000076293945,10.449999809265137,1037400,UWMC
105,2020-09-30,10.430000305175781,10.4399995803833,10.220000267028809,10.3100004196167,1069500,UWMC
106,2020-10-01,10.449999809265137,10.449999809265137,10.119999885559082,10.170000076293945,622500,UWMC
107,2020-10-02,10.1899995803833,10.1899995803833,10.032999992370605,10.130000114440918,627700,UWMC
108,2020-10-05,10.100000381469727,10.130000114440918,10.0,10.029999732971191,1795200,UWMC
109,2020-10-06,10.020000457763672,10.109999656677246,9.930000305175781,10.050000190734863,515000,UWMC
110,2020-10-07,10.050000190734863,10.074000358581543,9.949999809265137,9.989999771118164,1410000,UWMC
111,2020-10-08,10.0,10.0,9.949999809265137,9.989999771118164,2390500,UWMC
112,2020-10-09,9.979999542236328,10.0,9.960000038146973,9.979999542236328,408300,UWMC
113,2020-10-12,9.979999542236328,10.0,9.960000038146973,9.989999771118164,195200,UWMC
114,2020-10-13,10.0,10.0600004196167,9.960000038146973,10.0,229700,UWMC
115,2020-10-14,9.989999771118164,10.010000228881836,9.960000038146973,10.0,115200,UWMC
116,2020-10-15,10.0,10.010000228881836,9.949999809265137,10.005000114440918,77900,UWMC
117,2020-10-16,10.020000457763672,10.140000343322754,9.970000267028809,10.010000228881836,2259700,UWMC
118,2020-10-19,10.09000015258789,10.100000381469727,10.024999618530273,10.029999732971191,491800,UWMC
119,2020-10-20,10.109999656677246,10.15999984741211,10.0,10.029999732971191,614600,UWMC
120,2020-10-21,10.039999961853027,10.039999961853027,9.930000305175781,9.979999542236328,387200,UWMC
121,2020-10-22,9.979999542236328,9.994999885559082,9.949999809265137,9.949999809265137,368600,UWMC
122,2020-10-23,9.949999809265137,9.989999771118164,9.930000305175781,9.930000305175781,724200,UWMC
123,2020-10-26,9.930000305175781,9.96500015258789,9.930000305175781,9.9399995803833,462200,UWMC
124,2020-10-27,9.970000267028809,9.975000381469727,9.930000305175781,9.9399995803833,170700,UWMC
125,2020-10-28,9.930000305175781,9.949999809265137,9.90999984741211,9.90999984741211,160100,UWMC
126,2020-10-29,9.90999984741211,9.944999694824219,9.899999618530273,9.899999618530273,174000,UWMC
127,2020-10-30,9.899999618530273,9.949999809265137,9.899999618530273,9.949999809265137,331200,UWMC
128,2020-11-02,9.960000038146973,9.979999542236328,9.90999984741211,9.920000076293945,521700,UWMC
129,2020-11-03,9.960000038146973,9.960000038146973,9.920000076293945,9.930000305175781,255000,UWMC
130,2020-11-04,9.970000267028809,9.970000267028809,9.930000305175781,9.930000305175781,112300,UWMC
131,2020-11-05,9.979999542236328,9.989999771118164,9.930000305175781,9.949999809265137,213300,UWMC
132,2020-11-06,9.979999542236328,9.989999771118164,9.899999618530273,9.920000076293945,217000,UWMC
133,2020-11-09,9.989999771118164,9.989999771118164,9.90999984741211,9.930000305175781,108900,UWMC
134,2020-11-10,9.930000305175781,9.989999771118164,9.920000076293945,9.930000305175781,350800,UWMC
135,2020-11-11,9.989999771118164,9.989999771118164,9.930000305175781,9.960000038146973,520000,UWMC
136,2020-11-12,9.970000267028809,9.989999771118164,9.930000305175781,9.979999542236328,39800,UWMC
137,2020-11-13,9.989999771118164,10.0,9.9399995803833,9.989999771118164,77700,UWMC
138,2020-11-16,9.989999771118164,10.0,9.960000038146973,9.989999771118164,86200,UWMC
139,2020-11-17,9.979999542236328,10.0,9.960000038146973,9.989999771118164,124200,UWMC
140,2020-11-18,10.0,10.010000228881836,9.979999542236328,10.0,491800,UWMC
141,2020-11-19,9.960000038146973,10.050000190734863,9.960000038146973,10.020000457763672,615900,UWMC
142,2020-11-20,10.039999961853027,10.100000381469727,10.010000228881836,10.0600004196167,1603500,UWMC
143,2020-11-23,10.100000381469727,10.100000381469727,10.0,10.029999732971191,152800,UWMC
144,2020-11-24,10.039999961853027,10.050000190734863,9.989999771118164,10.029999732971191,112600,UWMC
145,2020-11-25,10.100000381469727,10.100000381469727,10.020000457763672,10.039999961853027,341700,UWMC
146,2020-11-27,10.100000381469727,10.149999618530273,10.0,10.130000114440918,254100,UWMC
147,2020-11-30,10.149999618530273,10.220000267028809,10.109000205993652,10.15999984741211,510500,UWMC
148,2020-12-01,10.1899995803833,10.1899995803833,10.109999656677246,10.119999885559082,370100,UWMC
149,2020-12-02,10.140000343322754,10.149999618530273,10.039999961853027,10.050000190734863,299900,UWMC
150,2020-12-03,10.119999885559082,10.229999542236328,10.069999694824219,10.180000305175781,826200,UWMC
151,2020-12-04,10.399999618530273,10.420000076293945,10.270000457763672,10.319999694824219,2701500,UWMC
152,2020-12-07,11.0,11.079000473022461,10.449999809265137,10.600000381469727,9747300,UWMC
153,2020-12-08,10.699999809265137,10.739999771118164,10.510000228881836,10.550000190734863,4473600,UWMC
154,2020-12-09,10.84000015258789,11.6850004196167,10.6899995803833,10.920000076293945,9825400,UWMC
155,2020-12-10,11.0,11.489999771118164,10.899999618530273,11.399999618530273,8305300,UWMC
156,2020-12-11,11.489999771118164,11.829999923706055,11.0,11.220000267028809,7679700,UWMC
157,2020-12-14,11.40999984741211,11.779999732971191,11.100000381469727,11.1899995803833,5613400,UWMC
158,2020-12-15,11.0600004196167,11.130000114440918,10.510000228881836,10.890000343322754,4916900,UWMC
159,2020-12-16,10.699999809265137,10.8100004196167,10.619999885559082,10.710000038146973,2403800,UWMC
160,2020-12-17,10.989999771118164,11.109999656677246,10.649999618530273,10.720000267028809,3925200,UWMC
161,2020-12-18,10.760000228881836,10.880000114440918,10.659000396728516,10.720000267028809,3730700,UWMC
162,2020-12-21,10.800000190734863,11.140000343322754,10.798999786376953,10.979999542236328,5040200,UWMC
163,2020-12-22,11.1899995803833,11.380000114440918,11.050000190734863,11.130000114440918,4425400,UWMC
164,2020-12-23,11.199999809265137,12.319999694824219,11.0,12.109999656677246,15754900,UWMC
165,2020-12-24,12.899999618530273,13.59000015258789,12.649999618530273,12.75,10750100,UWMC
166,2020-12-28,13.949999809265137,14.380000114440918,13.40999984741211,13.8100004196167,11931900,UWMC
167,2020-12-29,13.859999656677246,13.989999771118164,12.8100004196167,13.15999984741211,7492500,UWMC
168,2020-12-30,13.270000457763672,13.489999771118164,12.760000228881836,13.079999923706055,8041900,UWMC
169,2020-12-31,13.119999885559082,13.4399995803833,12.880000114440918,13.130000114440918,6218500,UWMC
170,2021-01-04,13.829999923706055,13.829999923706055,12.399999618530273,12.949999809265137,6994300,UWMC
171,2021-01-05,12.5600004196167,12.890000343322754,12.350000381469727,12.630000114440918,5182400,UWMC
172,2021-01-06,12.520000457763672,12.779999732971191,11.65999984741211,12.0,12266800,UWMC
173,2021-01-07,12.29699993133545,12.539999961853027,12.010000228881836,12.430000305175781,5950500,UWMC
174,2021-01-08,12.5600004196167,13.119999885559082,12.3100004196167,12.699999809265137,5460600,UWMC
175,2021-01-11,13.170000076293945,13.59000015258789,12.699999809265137,12.899999618530273,8248600,UWMC
176,2021-01-12,12.868000030517578,13.199999809265137,12.510000228881836,12.869999885559082,7732100,UWMC
177,2021-01-13,12.779999732971191,12.824999809265137,12.364999771118164,12.600000381469727,6465500,UWMC
178,2021-01-14,12.619999885559082,13.100000381469727,12.420000076293945,12.8100004196167,7962100,UWMC
179,2021-01-15,12.835000038146973,12.850000381469727,12.15999984741211,12.390000343322754,7429600,UWMC
180,2021-01-19,12.640000343322754,12.720000267028809,12.156000137329102,12.350000381469727,8718600,UWMC
181,2021-01-20,12.4399995803833,12.4399995803833,11.550000190734863,11.699999809265137,13293700,UWMC
182,2021-01-21,11.399999618530273,11.960000038146973,10.850000381469727,11.539999961853027,14422500,UWMC
183,2021-01-22,11.949999809265137,12.350000381469727,10.930000305175781,11.350000381469727,12684300,UWMC
184,2021-01-25,11.140000343322754,11.199999809265137,10.5,10.850000381469727,11166000,UWMC
185,2021-01-26,10.699999809265137,10.710000038146973,10.020000457763672,10.069999694824219,9936100,UWMC
186,2021-01-27,9.430000305175781,11.197999954223633,9.199999809265137,10.260000228881836,10008000,UWMC
187,2021-01-28,10.149999618530273,10.25,9.869999885559082,9.960000038146973,4151600,UWMC
188,2021-01-29,9.960000038146973,10.25,9.760000228881836,9.90999984741211,3937300,UWMC
189,2021-02-01,10.149999618530273,10.279999732971191,9.850000381469727,10.100000381469727,3078400,UWMC
190,2021-02-02,10.479999542236328,10.5,10.199999809265137,10.329999923706055,4062600,UWMC
191,2021-02-03,10.949999809265137,11.680000305175781,10.75,11.380000114440918,11675800,UWMC
192,2021-02-04,11.649999618530273,11.680000305175781,10.199999809265137,10.390000343322754,10575200,UWMC
193,2021-02-05,10.180000305175781,10.194999694824219,9.859999656677246,9.989999771118164,5858500,UWMC
194,2021-02-08,9.84000015258789,9.850000381469727,9.350000381469727,9.510000228881836,7874700,UWMC
195,2021-02-09,9.430000305175781,9.479999542236328,9.149999618530273,9.279999732971191,6695200,UWMC
196,2021-02-10,9.3100004196167,9.399999618530273,8.899999618530273,9.09000015258789,6216800,UWMC
197,2021-02-11,8.979999542236328,9.369999885559082,8.8100004196167,9.199999809265137,6933800,UWMC
198,2021-02-12,9.0600004196167,9.229999542236328,8.9399995803833,9.020000457763672,4182100,UWMC
199,2021-02-16,9.329999923706055,9.350000381469727,8.920000076293945,8.970000267028809,6600100,UWMC
200,2021-02-17,8.890000343322754,8.979999542236328,8.680000305175781,8.859999656677246,6584300,UWMC
201,2021-02-18,8.6899995803833,8.75,8.449999809265137,8.609999656677246,5514300,UWMC
202,2021-02-19,8.649999618530273,8.680000305175781,8.100000381469727,8.319999694824219,9750800,UWMC
203,2021-02-22,8.15999984741211,8.260000228881836,7.920000076293945,8.010000228881836,6828000,UWMC
204,2021-02-23,7.590000152587891,8.100000381469727,7.369999885559082,8.039999961853027,5907400,UWMC
205,2021-02-24,8.050000190734863,8.229999542236328,7.820000171661377,7.960000038146973,4334000,UWMC
206,2021-02-25,8.010000228881836,8.0600004196167,7.5,7.639999866485596,5067600,UWMC
207,2021-02-26,7.690000057220459,7.789999961853027,7.239999771118164,7.570000171661377,5136300,UWMC
208,2021-03-01,7.980000019073486,7.989999771118164,7.570000171661377,7.630000114440918,5478600,UWMC
209,2021-03-02,8.140000343322754,9.649999618530273,8.039999961853027,9.130000114440918,40070800,UWMC
210,2021-03-03,12.170000076293945,12.449999809265137,9.319999694824219,9.619999885559082,94546500,UWMC
211,2021-03-04,9.9399995803833,10.90999984741211,8.350000381469727,8.729999542236328,27170600,UWMC
212,2021-03-05,8.859999656677246,8.859999656677246,7.75,8.680000305175781,12503500,UWMC
213,2021-03-08,8.770000457763672,8.779999732971191,8.100000381469727,8.15999984741211,8279400,UWMC
214,2021-03-09,8.25,8.9399995803833,8.149999618530273,8.680000305175781,8539800,UWMC
215,2021-03-10,8.710000038146973,9.227999687194824,8.529999732971191,8.579999923706055,8571400,UWMC
216,2021-03-11,8.779999732971191,8.84000015258789,8.449999809265137,8.649999618530273,5201200,UWMC
217,2021-03-12,8.600000381469727,8.600000381469727,8.229999542236328,8.300000190734863,6942100,UWMC
218,2021-03-15,8.390000343322754,8.680000305175781,8.220000267028809,8.399999618530273,5368400,UWMC
219,2021-03-16,8.489999771118164,8.579999923706055,8.3100004196167,8.460000038146973,4827100,UWMC
220,2021-03-17,8.5,9.140000343322754,8.210000038146973,9.050000190734863,10812000,UWMC
221,2021-03-18,9.399999618530273,10.050000190734863,8.854999542236328,8.979999542236328,15618800,UWMC
222,2021-03-19,9.489999771118164,9.510000228881836,8.720000267028809,8.859999656677246,14065300,UWMC
223,2021-03-22,8.449999809265137,8.789999961853027,8.270000457763672,8.779999732971191,7093100,UWMC
224,2021-03-23,8.699999809265137,8.850000381469727,8.329999923706055,8.4399995803833,5158600,UWMC
225,2021-03-24,8.449999809265137,8.6899995803833,8.010000228881836,8.130000114440918,9431100,UWMC
226,2021-03-25,8.0,8.25,7.699999809265137,8.1899995803833,6554900,UWMC
227,2021-03-26,8.270000457763672,8.289999961853027,7.760000228881836,7.980000019073486,7466700,UWMC
228,2021-03-29,7.909999847412109,8.180000305175781,7.809999942779541,7.940000057220459,7042400,UWMC
229,2021-03-30,7.949999809265137,7.949999809265137,7.539999961853027,7.860000133514404,5557100,UWMC
230,2021-03-31,7.829999923706055,8.020000457763672,7.75,7.929999828338623,3785300,UWMC
231,2021-04-01,8.0,8.069999694824219,7.71999979019165,7.75,4448100,UWMC
232,2021-04-05,7.849999904632568,7.900000095367432,7.650000095367432,7.75,3365200,UWMC
233,2021-04-06,7.699999809265137,7.949999809265137,7.559999942779541,7.940000057220459,5334900,UWMC
234,2021-04-07,7.960000038146973,8.029999732971191,7.71999979019165,7.75,3556000,UWMC
235,2021-04-08,7.760000228881836,7.927999973297119,7.71999979019165,7.820000171661377,2852700,UWMC
236,2021-04-09,7.820000171661377,7.860000133514404,7.710000038146973,7.710000038146973,2549900,UWMC
237,2021-04-12,7.710000038146973,7.7729997634887695,7.5,7.510000228881836,3447400,UWMC
238,2021-04-13,7.510000228881836,7.78000020980835,7.46999979019165,7.690000057220459,2941600,UWMC
239,2021-04-14,7.579999923706055,7.684999942779541,7.489999771118164,7.590000152587891,3530200,UWMC
240,2021-04-15,7.539999961853027,7.849999904632568,7.360000133514404,7.579999923706055,6572200,UWMC
241,2021-04-16,7.5,7.510000228881836,7.304999828338623,7.489999771118164,5410700,UWMC
242,2021-04-19,7.409999847412109,7.639999866485596,7.360000133514404,7.5,3714900,UWMC
243,2021-04-20,7.5,7.550000190734863,7.179999828338623,7.230000019073486,5199300,UWMC
244,2021-04-21,7.300000190734863,7.599999904632568,7.230000019073486,7.440000057220459,6660500,UWMC
245,2021-04-22,7.480000019073486,7.885000228881836,7.400000095367432,7.639999866485596,6008700,UWMC
246,2021-04-23,7.75,7.920000076293945,7.670000076293945,7.849999904632568,3024400,UWMC
247,2021-04-26,7.880000114440918,8.170000076293945,7.849999904632568,8.15999984741211,2767500,UWMC
248,2021-04-27,8.1899995803833,8.34000015258789,7.889999866485596,8.289999961853027,2926400,UWMC
249,2021-04-28,8.220000267028809,8.440999984741211,8.199999809265137,8.210000038146973,3311200,UWMC
250,2021-04-29,8.390000343322754,8.40999984741211,7.960000038146973,8.300000190734863,3632600,UWMC
251,2021-04-30,8.229999542236328,8.25,8.050000190734863,8.15999984741211,2097900,UWMC
252,2021-05-03,8.210000038146973,8.22700023651123,7.75,7.900000095367432,4296100,UWMC
253,2021-05-04,7.789999961853027,7.920000076293945,7.550000190734863,7.869999885559082,3033300,UWMC
254,2021-05-05,7.860000133514404,7.96999979019165,7.710000038146973,7.800000190734863,2344500,UWMC
255,2021-05-06,7.480000019073486,7.480000019073486,7.019999980926514,7.190000057220459,10785700,UWMC
256,2021-05-07,7.269999980926514,7.300000190734863,6.940000057220459,6.960000038146973,6524500,UWMC
257,2021-05-10,7.03000020980835,7.079999923706055,6.599999904632568,6.71999979019165,9726400,UWMC
258,2021-05-11,6.360000133514404,6.864999771118164,6.25,6.789999961853027,8472100,UWMC
259,2021-05-12,6.739999771118164,7.610000133514404,6.699999809265137,7.380000114440918,10522400,UWMC
260,2021-05-13,7.349999904632568,7.800000190734863,7.03000020980835,7.420000076293945,8753900,UWMC
261,2021-05-14,7.460000038146973,7.570000171661377,7.255000114440918,7.510000228881836,4006200,UWMC
262,2021-05-17,8.079999923706055,8.680000305175781,7.8520002365112305,8.119999885559082,16969600,UWMC
263,2021-05-18,8.300000190734863,8.579999923706055,8.130000114440918,8.420000076293945,7328200,UWMC
264,2021-05-19,8.140000343322754,8.65999984741211,7.989999771118164,8.359999656677246,6756000,UWMC
265,2021-05-20,8.319999694824219,8.569999694824219,8.119999885559082,8.319999694824219,4412900,UWMC
266,2021-05-21,8.369999885559082,8.4399995803833,8.010000228881836,8.069999694824219,4472800,UWMC
267,2021-05-24,8.199999809265137,8.390000343322754,8.130000114440918,8.239999771118164,4460200,UWMC
268,2021-05-25,8.279999732971191,8.428999900817871,8.133000373840332,8.369999885559082,4045100,UWMC
269,2021-05-26,8.329999923706055,8.640000343322754,8.319999694824219,8.569999694824219,5031000,UWMC
270,2021-05-27,8.65999984741211,9.220000267028809,8.555000305175781,9.170000076293945,12700000,UWMC
271,2021-05-28,9.380000114440918,9.399999618530273,8.779999732971191,8.890000343322754,5467700,UWMC
272,2021-06-01,8.890000343322754,9.03499984741211,8.800000190734863,8.899999618530273,2558900,UWMC
273,2021-06-02,8.75,9.180000305175781,8.555000305175781,9.010000228881836,8111000,UWMC
274,2021-06-03,8.899999618530273,9.09000015258789,8.649999618530273,8.850000381469727,4256500,UWMC
275,2021-06-04,8.920000076293945,8.949999809265137,8.75,8.859999656677246,3243100,UWMC
276,2021-06-07,8.859999656677246,9.149999618530273,8.692000389099121,9.100000381469727,4461200,UWMC
277,2021-06-08,9.15999984741211,9.34000015258789,8.890000343322754,9.25,6639600,UWMC
278,2021-06-09,10.085000038146973,10.979999542236328,9.711000442504883,9.960000038146973,25567600,UWMC
279,2021-06-10,10.279999732971191,10.800000190734863,9.5600004196167,9.65999984741211,15322700,UWMC
280,2021-06-11,10.15999984741211,10.335000038146973,9.8100004196167,10.220000267028809,13795200,UWMC
281,2021-06-14,10.569999694824219,10.600000381469727,9.989999771118164,10.119999885559082,10277200,UWMC
282,2021-06-15,9.859999656677246,9.920000076293945,9.420000076293945,9.8100004196167,6445000,UWMC
283,2021-06-16,9.8100004196167,10.0,9.579999923706055,9.779999732971191,6267000,UWMC
284,2021-06-17,9.760000228881836,10.069999694824219,9.706000328063965,9.869999885559082,4351000,UWMC
285,2021-06-18,9.949999809265137,10.020000457763672,9.420000076293945,9.520000457763672,6078000,UWMC
286,2021-06-21,9.420000076293945,9.5,8.949999809265137,9.130000114440918,5796200,UWMC
287,2021-06-22,9.140000343322754,9.295000076293945,8.979999542236328,9.069999694824219,5111300,UWMC
288,2021-06-23,9.079999923706055,9.48799991607666,9.039999961853027,9.390000343322754,3682900,UWMC
289,2021-06-24,9.489999771118164,9.729999542236328,9.390000343322754,9.5,3848600,UWMC
290,2021-06-25,9.550000190734863,9.59000015258789,9.274999618530273,9.399999618530273,5581500,UWMC
291,2021-06-28,9.399999618530273,9.550000190734863,9.199999809265137,9.25,3371800,UWMC
292,2021-06-29,9.220000267028809,9.289999961853027,8.789999961853027,8.880000114440918,4299000,UWMC
293,2021-06-30,8.779999732971191,8.869999885559082,8.40999984741211,8.449999809265137,5404000,UWMC
294,2021-07-01,8.449999809265137,8.59000015258789,8.170000076293945,8.220000267028809,4669100,UWMC
295,2021-07-02,8.140000343322754,8.220000267028809,7.96999979019165,8.010000228881836,4469900,UWMC
296,2021-07-06,8.050000190734863,8.265000343322754,7.980000019073486,8.029999732971191,2812700,UWMC
297,2021-07-07,8.09000015258789,8.199999809265137,7.835000038146973,8.149999618530273,3292400,UWMC
298,2021-07-08,7.929999828338623,8.3100004196167,7.909999847412109,8.1899995803833,3747200,UWMC
299,2021-07-09,8.289999961853027,8.289999961853027,8.050000190734863,8.170000076293945,2332200,UWMC
300,2021-07-12,8.0,8.083000183105469,7.889999866485596,7.949999809265137,2844900,UWMC
301,2021-07-13,7.880000114440918,7.96999979019165,7.670000076293945,7.679999828338623,3220700,UWMC
302,2021-07-14,7.75,7.800000190734863,7.570000171661377,7.670000076293945,2063800,UWMC
303,2021-07-15,7.639999866485596,7.888000011444092,7.590000152587891,7.829999923706055,1947500,UWMC
304,2021-07-16,7.769999980926514,7.929999828338623,7.684999942779541,7.710000038146973,2759400,UWMC
305,2021-07-19,7.579999923706055,7.659999847412109,7.210000038146973,7.630000114440918,3368900,UWMC
306,2021-07-20,7.639999866485596,7.699999809265137,7.380000114440918,7.5,3228000,UWMC
307,2021-07-21,7.460000038146973,7.869999885559082,7.449999809265137,7.760000228881836,3407500,UWMC
308,2021-07-22,7.75,7.835000038146973,7.579999923706055,7.679999828338623,1987800,UWMC
309,2021-07-23,7.699999809265137,7.818999767303467,7.579999923706055,7.659999847412109,1844100,UWMC
310,2021-07-26,7.590000152587891,7.699999809265137,7.510000228881836,7.639999866485596,1819300,UWMC
311,2021-07-27,7.650000095367432,7.650000095367432,7.409999847412109,7.53000020980835,1990100,UWMC
312,2021-07-28,7.480000019073486,7.730000019073486,7.449999809265137,7.659999847412109,1981800,UWMC
313,2021-07-29,7.699999809265137,7.78000020980835,7.639999866485596,7.739999771118164,1834700,UWMC
314,2021-07-30,7.75,7.800000190734863,7.611999988555908,7.630000114440918,1349400,UWMC
315,2021-08-02,7.630000114440918,7.869999885559082,7.599999904632568,7.860000133514404,2925600,UWMC
316,2021-08-03,7.809999942779541,7.900000095367432,7.449999809265137,7.489999771118164,3426500,UWMC
317,2021-08-04,7.539999961853027,7.670000076293945,7.400000095367432,7.429999828338623,2263600,UWMC
318,2021-08-05,7.420000076293945,7.5,7.380000114440918,7.420000076293945,2268700,UWMC
319,2021-08-06,7.400000095367432,7.65500020980835,7.380000114440918,7.440000057220459,1654600,UWMC
320,2021-08-09,7.489999771118164,7.670000076293945,7.440000057220459,7.53000020980835,1572300,UWMC
321,2021-08-10,7.539999961853027,7.551000118255615,7.309999942779541,7.449999809265137,2853300,UWMC
322,2021-08-11,7.480000019073486,7.599999904632568,7.380000114440918,7.579999923706055,1650800,UWMC
323,2021-08-12,7.579999923706055,7.579999923706055,7.400000095367432,7.449999809265137,1756900,UWMC
324,2021-08-13,7.619999885559082,7.940000057220459,7.510000228881836,7.860000133514404,6313600,UWMC
325,2021-08-16,7.360000133514404,7.659999847412109,7.070000171661377,7.460000038146973,8467900,UWMC
326,2021-08-17,7.360000133514404,7.380000114440918,7.019999980926514,7.309999942779541,4294800,UWMC
327,2021-08-18,7.300000190734863,7.59499979019165,7.21999979019165,7.440000057220459,3736400,UWMC
328,2021-08-19,7.380000114440918,7.489999771118164,6.960000038146973,7.079999923706055,5792500,UWMC
329,2021-08-20,7.099999904632568,7.264999866485596,6.980000019073486,7.260000228881836,2622100,UWMC
330,2021-08-23,7.300000190734863,7.46999979019165,7.224999904632568,7.460000038146973,2843800,UWMC
331,2021-08-24,7.429999828338623,7.599999904632568,7.360000133514404,7.519999980926514,2432500,UWMC
332,2021-08-25,7.579999923706055,7.579999923706055,7.389999866485596,7.440000057220459,2214800,UWMC
333,2021-08-26,7.440000057220459,7.53000020980835,7.309999942779541,7.369999885559082,1569200,UWMC
334,2021-08-27,7.360000133514404,7.420000076293945,7.289999961853027,7.329999923706055,1857600,UWMC
335,2021-08-30,7.289999961853027,7.429999828338623,7.242000102996826,7.289999961853027,1706200,UWMC
336,2021-08-31,7.300000190734863,7.380000114440918,7.289999961853027,7.349999904632568,1557600,UWMC
337,2021-09-01,7.349999904632568,7.440000057220459,7.320000171661377,7.400000095367432,1888400,UWMC
338,2021-09-02,7.440000057220459,7.519999980926514,7.394999980926514,7.409999847412109,1791800,UWMC
339,2021-09-03,7.400000095367432,7.429999828338623,7.36899995803833,7.420000076293945,1125500,UWMC
340,2021-09-07,7.400000095367432,7.570000171661377,7.389999866485596,7.409999847412109,1798800,UWMC
341,2021-09-08,7.409999847412109,7.414999961853027,7.190000057220459,7.210000038146973,2123900,UWMC
342,2021-09-09,7.099999904632568,7.175000190734863,7.050000190734863,7.110000133514404,2764700,UWMC
343,2021-09-10,7.179999828338623,7.184999942779541,7.0,7.03000020980835,2245200,UWMC
344,2021-09-13,7.0,7.085000038146973,6.840000152587891,7.039999961853027,3794300,UWMC
345,2021-09-14,7.050000190734863,7.159999847412109,6.96999979019165,7.079999923706055,2827800,UWMC
346,2021-09-15,7.039999961853027,7.264999866485596,7.039999961853027,7.190000057220459,2404200,UWMC
347,2021-09-16,7.179999828338623,7.349999904632568,7.179999828338623,7.239999771118164,2148400,UWMC
348,2021-09-17,7.190000057220459,7.264999866485596,7.059999942779541,7.059999942779541,6771700,UWMC
349,2021-09-20,6.940000057220459,6.980000019073486,6.760000228881836,6.800000190734863,3825700,UWMC
350,2021-09-21,6.829999923706055,6.877999782562256,6.730000019073486,6.860000133514404,1918300,UWMC
351,2021-09-22,6.849999904632568,6.960000038146973,6.822000026702881,6.900000095367432,1511300,UWMC
352,2021-09-23,6.960000038146973,6.980000019073486,6.835000038146973,6.920000076293945,1505200,UWMC
353,2021-09-24,6.900000095367432,6.989999771118164,6.829999923706055,6.829999923706055,1308800,UWMC
354,2021-09-27,6.849999904632568,7.099999904632568,6.809999942779541,7.059999942779541,1905400,UWMC
355,2021-09-28,7.050000190734863,7.070000171661377,6.940000057220459,6.949999809265137,1730600,UWMC
356,2021-09-29,6.949999809265137,7.0,6.75,6.760000228881836,2079100,UWMC
357,2021-09-30,6.769999980926514,6.965000152587891,6.769999980926514,6.949999809265137,1575000,UWMC
358,2021-10-01,6.940000057220459,7.045000076293945,6.730000019073486,7.0,2771600,UWMC
359,2021-10-04,6.880000114440918,6.949999809265137,6.679999828338623,6.730000019073486,2179600,UWMC
360,2021-10-05,6.75,6.809999942779541,6.690000057220459,6.760000228881836,1386000,UWMC
361,2021-10-06,6.739999771118164,6.789999961853027,6.610000133514404,6.639999866485596,2004000,UWMC
362,2021-10-07,6.670000076293945,6.75,6.639999866485596,6.659999847412109,1506600,UWMC
363,2021-10-08,6.659999847412109,6.710000038146973,6.449999809265137,6.460000038146973,2106100,UWMC
364,2021-10-11,6.480000019073486,6.744999885559082,6.440000057220459,6.46999979019165,3442800,UWMC
365,2021-10-12,6.489999771118164,6.590000152587891,6.380000114440918,6.380000114440918,1848400,UWMC
366,2021-10-13,6.420000076293945,6.71999979019165,6.369999885559082,6.690000057220459,2330500,UWMC
367,2021-10-14,6.650000095367432,6.880000114440918,6.639999866485596,6.809999942779541,1527700,UWMC
368,2021-10-15,6.960000038146973,7.239999771118164,6.940000057220459,7.090000152587891,4275800,UWMC
369,2021-10-18,7.03000020980835,7.28000020980835,6.960000038146973,7.150000095367432,1979600,UWMC
370,2021-10-19,7.150000095367432,7.244999885559082,7.110000133514404,7.170000076293945,1370400,UWMC
371,2021-10-20,7.170000076293945,7.239999771118164,7.090000152587891,7.230000019073486,1253800,UWMC
372,2021-10-21,7.21999979019165,7.357999801635742,7.135000228881836,7.170000076293945,1642300,UWMC
373,2021-10-22,7.090000152587891,7.099999904632568,6.940000057220459,6.980000019073486,1332600,UWMC
374,2021-10-25,6.960000038146973,7.179999828338623,6.894000053405762,7.119999885559082,1324600,UWMC
375,2021-10-26,7.019999980926514,7.139999866485596,6.949999809265137,6.949999809265137,1839700,UWMC
376,2021-10-27,6.96999979019165,7.070000171661377,6.829999923706055,6.909999847412109,1536400,UWMC
377,2021-10-28,6.909999847412109,6.929999828338623,6.730000019073486,6.78000020980835,2068100,UWMC
378,2021-10-29,6.75,6.929999828338623,6.71999979019165,6.800000190734863,1943800,UWMC
379,2021-11-01,6.789999961853027,7.150000095367432,6.78000020980835,7.110000133514404,2072300,UWMC
380,2021-11-02,7.150000095367432,7.25,7.099999904632568,7.230000019073486,2534000,UWMC
381,2021-11-03,7.210000038146973,7.340000152587891,7.099999904632568,7.25,1678300,UWMC
382,2021-11-04,7.25,7.289999961853027,7.079999923706055,7.230000019073486,2115000,UWMC
383,2021-11-05,7.230000019073486,7.260000228881836,7.050000190734863,7.059999942779541,1528000,UWMC
384,2021-11-08,7.039999961853027,7.190000057220459,7.019999980926514,7.150000095367432,1511100,UWMC
385,2021-11-09,7.440000057220459,7.510000228881836,7.070000171661377,7.079999923706055,3313700,UWMC
386,2021-11-10,7.190000057220459,7.21999979019165,6.929999828338623,7.039999961853027,2447200,UWMC
387,2021-11-11,7.059999942779541,7.085000038146973,6.940000057220459,6.96999979019165,1551300,UWMC
388,2021-11-12,6.949999809265137,7.050000190734863,6.940000057220459,6.989999771118164,1177900,UWMC
389,2021-11-15,6.960000038146973,6.994999885559082,6.769999980926514,6.849999904632568,1590500,UWMC
390,2021-11-16,6.840000152587891,6.840000152587891,6.579999923706055,6.610000133514404,2361500,UWMC
391,2021-11-17,6.570000171661377,6.570000171661377,5.920000076293945,5.949999809265137,12054400,UWMC
392,2021-11-18,6.010000228881836,6.03000020980835,5.409999847412109,5.519999980926514,9820300,UWMC
393,2021-11-19,6.690000057220459,7.03000020980835,6.349999904632568,6.440000057220459,25052000,UWMC
394,2021-11-22,6.389999866485596,6.978000164031982,6.199999809265137,6.869999885559082,9408400,UWMC
395,2021-11-23,6.840000152587891,7.0279998779296875,6.739999771118164,6.800000190734863,4150600,UWMC
396,2021-11-24,6.760000228881836,7.0,6.710999965667725,6.940000057220459,3374100,UWMC
397,2021-11-26,6.840000152587891,7.034999847412109,6.800000190734863,7.03000020980835,2202400,UWMC
398,2021-11-29,7.0,7.110000133514404,6.889999866485596,6.900000095367432,3581500,UWMC
399,2021-11-30,6.849999904632568,7.150000095367432,6.849999904632568,6.889999866485596,3986400,UWMC
400,2021-12-01,6.889999866485596,7.079999923706055,6.800000190734863,6.800000190734863,3377100,UWMC
401,2021-12-02,6.809999942779541,7.159999847412109,6.800000190734863,7.150000095367432,4665200,UWMC
402,2021-12-03,7.159999847412109,7.159999847412109,6.949999809265137,7.010000228881836,2730100,UWMC
403,2021-12-06,6.96999979019165,7.059999942779541,6.730000019073486,6.909999847412109,3029100,UWMC
404,2021-12-07,6.929999828338623,7.070000171661377,6.889999866485596,6.989999771118164,3839600,UWMC
405,2021-12-08,6.96999979019165,7.090000152587891,6.968999862670898,7.0,2579200,UWMC
406,2021-12-09,6.900000095367432,7.039999961853027,6.880000114440918,6.880000114440918,1538900,UWMC
407,2021-12-10,6.880000114440918,6.989999771118164,6.829999923706055,6.980000019073486,1355700,UWMC
408,2021-12-13,6.980000019073486,7.0,6.579999923706055,6.679999828338623,2775600,UWMC
409,2021-12-14,6.610000133514404,6.829999923706055,6.610000133514404,6.75,2289700,UWMC
410,2021-12-15,6.590000152587891,6.630000114440918,5.989999771118164,6.21999979019165,5493400,UWMC
411,2021-12-16,6.449999809265137,6.860000133514404,6.434999942779541,6.679999828338623,4773000,UWMC
412,2021-12-17,6.550000190734863,6.599999904632568,6.369999885559082,6.510000228881836,4236500,UWMC
413,2021-12-20,6.389999866485596,6.389999866485596,6.210000038146973,6.260000228881836,2314500,UWMC
414,2021-12-21,6.369999885559082,6.480000019073486,6.25,6.300000190734863,2460500,UWMC
415,2021-12-22,6.239999771118164,6.349999904632568,6.190000057220459,6.260000228881836,2094700,UWMC
416,2021-12-23,6.289999961853027,6.400000095367432,6.260000228881836,6.380000114440918,1717300,UWMC
417,2021-12-27,6.349999904632568,6.449999809265137,6.21999979019165,6.25,2661000,UWMC
418,2021-12-28,6.159999847412109,6.260000228881836,6.070000171661377,6.090000152587891,2248000,UWMC
419,2021-12-29,6.090000152587891,6.090000152587891,5.96999979019165,6.010000228881836,4126600,UWMC
420,2021-12-30,6.03000020980835,6.150000095367432,6.0,6.03000020980835,3058100,UWMC
421,2021-12-31,6.010000228881836,6.050000190734863,5.909999847412109,5.920000076293945,4205700,UWMC
422,2022-01-03,6.0,6.179999828338623,5.985000133514404,6.139999866485596,1769300,UWMC
423,2022-01-04,6.150000095367432,6.199999809265137,5.960000038146973,5.989999771118164,1609900,UWMC
424,2022-01-05,6.099999904632568,6.099999904632568,5.849999904632568,5.869999885559082,1736900,UWMC
425,2022-01-06,5.880000114440918,6.039999961853027,5.769999980926514,5.769999980926514,2587300,UWMC
426,2022-01-07,5.800000190734863,6.090000152587891,5.760000228881836,6.019999980926514,2366500,UWMC
427,2022-01-10,5.860000133514404,5.880000114440918,5.619999885559082,5.690000057220459,3281700,UWMC
428,2022-01-11,5.699999809265137,5.940000057220459,5.639999866485596,5.929999828338623,1813100,UWMC
429,2022-01-12,5.949999809265137,6.059999942779541,5.909999847412109,5.940000057220459,1196300,UWMC
430,2022-01-13,5.949999809265137,6.059999942779541,5.909999847412109,5.929999828338623,1078000,UWMC
431,2022-01-14,5.900000095367432,5.929999828338623,5.599999904632568,5.71999979019165,2086000,UWMC
432,2022-01-18,5.650000095367432,5.739999771118164,5.5,5.570000171661377,1541700,UWMC
433,2022-01-19,5.599999904632568,5.659999847412109,5.489999771118164,5.5,1582300,UWMC
434,2022-01-20,5.5,5.559999942779541,5.329999923706055,5.329999923706055,1856500,UWMC
435,2022-01-21,5.300000190734863,5.328999996185303,5.139999866485596,5.289999961853027,2674000,UWMC
436,2022-01-24,5.119999885559082,5.244999885559082,4.820000171661377,5.21999979019165,3914100,UWMC
437,2022-01-25,5.119999885559082,5.360000133514404,5.079999923706055,5.309999942779541,2136200,UWMC
438,2022-01-26,5.349999904632568,5.489999771118164,5.25,5.300000190734863,1830200,UWMC
439,2022-01-27,5.300000190734863,5.309999942779541,4.989999771118164,5.010000228881836,2266300,UWMC
440,2022-01-28,5.0,5.050000190734863,4.789999961853027,4.960000038146973,3194700,UWMC
441,2022-01-31,4.949999809265137,5.170000076293945,4.84499979019165,5.170000076293945,2729700,UWMC
442,2022-02-01,5.119999885559082,5.139999866485596,4.760000228881836,4.929999828338623,4879300,UWMC
443,2022-02-02,4.929999828338623,4.960000038146973,4.679999828338623,4.710000038146973,3877100,UWMC
444,2022-02-03,4.71999979019165,4.71999979019165,4.300000190734863,4.369999885559082,6817300,UWMC
445,2022-02-04,4.389999866485596,4.4070000648498535,4.235000133514404,4.300000190734863,4465600,UWMC
446,2022-02-07,4.369999885559082,4.380000114440918,4.110000133514404,4.28000020980835,6546800,UWMC
447,2022-02-08,4.300000190734863,4.570000171661377,4.230000019073486,4.519999980926514,4149000,UWMC
448,2022-02-09,4.539999961853027,4.570000171661377,4.414999961853027,4.570000171661377,1941300,UWMC
449,2022-02-10,4.539999961853027,4.659999847412109,4.449999809265137,4.449999809265137,2883200,UWMC
450,2022-02-11,4.440000057220459,4.579999923706055,4.400000095367432,4.449999809265137,1646100,UWMC
451,2022-02-14,4.389999866485596,4.474999904632568,4.349999904632568,4.400000095367432,2542200,UWMC
452,2022-02-15,4.474999904632568,4.619999885559082,4.380000114440918,4.619999885559082,2579500,UWMC
453,2022-02-16,4.590000152587891,4.90500020980835,4.580999851226807,4.900000095367432,3687500,UWMC
454,2022-02-17,4.829999923706055,4.840000152587891,4.619999885559082,4.690000057220459,2431700,UWMC
455,2022-02-18,4.670000076293945,4.835000038146973,4.614999771118164,4.710000038146973,1878900,UWMC
456,2022-02-22,4.599999904632568,4.677999973297119,4.413000106811523,4.460000038146973,2527000,UWMC
457,2022-02-23,4.309999942779541,4.425000190734863,4.130000114440918,4.150000095367432,2617000,UWMC
458,2022-02-24,3.950000047683716,4.309999942779541,3.930000066757202,4.309999942779541,4482600,UWMC
459,2022-02-25,4.320000171661377,4.434999942779541,4.150000095367432,4.380000114440918,2676000,UWMC
460,2022-02-28,4.329999923706055,4.400000095367432,4.21999979019165,4.340000152587891,3370900,UWMC
461,2022-03-01,4.199999809265137,4.630000114440918,3.990000009536743,4.619999885559082,7590800,UWMC
462,2022-03-02,4.53000020980835,4.949999809265137,4.340000152587891,4.659999847412109,6709100,UWMC
463,2022-03-03,4.639999866485596,4.650000095367432,4.349999904632568,4.400000095367432,3505000,UWMC
464,2022-03-04,4.329999923706055,4.396999835968018,4.090000152587891,4.159999847412109,3144600,UWMC
465,2022-03-07,4.159999847412109,4.230000019073486,4.065000057220459,4.190000057220459,2063900,UWMC
466,2022-03-08,4.170000076293945,4.434999942779541,4.139999866485596,4.309999942779541,3250600,UWMC
467,2022-03-09,4.360000133514404,4.570000171661377,4.360000133514404,4.460000038146973,2087400,UWMC
468,2022-03-10,4.46999979019165,4.550000190734863,4.340000152587891,4.46999979019165,1334600,UWMC
469,2022-03-11,4.440000057220459,4.460000038146973,4.28000020980835,4.369999885559082,1539100,UWMC
470,2022-03-14,4.400000095367432,4.409999847412109,4.099999904632568,4.139999866485596,1431200,UWMC
471,2022-03-15,4.119999885559082,4.150000095367432,4.010000228881836,4.099999904632568,2850300,UWMC
472,2022-03-16,4.170000076293945,4.630000114440918,4.159999847412109,4.489999771118164,5000200,UWMC
473,2022-03-17,4.360000133514404,4.739999771118164,4.360000133514404,4.699999809265137,4421100,UWMC
474,2022-03-18,4.579999923706055,4.71999979019165,4.579999923706055,4.679999828338623,4343900,UWMC
475,2022-03-21,4.699999809265137,4.849999904632568,4.550000190734863,4.579999923706055,1668800,UWMC
476,2022-03-22,4.599999904632568,4.730000019073486,4.539999961853027,4.619999885559082,2249900,UWMC
477,2022-03-23,4.559999942779541,4.619999885559082,4.380000114440918,4.409999847412109,2845700,UWMC
478,2022-03-24,4.420000076293945,4.552999973297119,4.400000095367432,4.409999847412109,1808900,UWMC
479,2022-03-25,4.409999847412109,4.409999847412109,4.239999771118164,4.25,2093600,UWMC
480,2022-03-28,4.269999980926514,4.440000057220459,4.190000057220459,4.440000057220459,2485600,UWMC
481,2022-03-29,4.449999809265137,4.559999942779541,4.389999866485596,4.559999942779541,1959500,UWMC
482,2022-03-30,4.559999942779541,4.610000133514404,4.434999942779541,4.5,1996200,UWMC
483,2022-03-31,4.539999961853027,4.550000190734863,4.454999923706055,4.53000020980835,1268500,UWMC
484,2022-04-01,4.559999942779541,4.599999904632568,4.400000095367432,4.489999771118164,1463400,UWMC
485,2022-04-04,4.489999771118164,4.642000198364258,4.429999828338623,4.599999904632568,2560400,UWMC
486,2022-04-05,4.599999904632568,4.610000133514404,4.360000133514404,4.360000133514404,1254500,UWMC
487,2022-04-06,4.329999923706055,4.360000133514404,4.199999809265137,4.230000019073486,1780300,UWMC
488,2022-04-07,4.199999809265137,4.25,4.070000171661377,4.119999885559082,1690000,UWMC
489,2022-04-08,4.119999885559082,4.215000152587891,4.059999942779541,4.110000133514404,849900,UWMC
490,2022-04-11,4.079999923706055,4.315000057220459,4.054999828338623,4.130000114440918,1759800,UWMC
491,2022-04-12,4.139999866485596,4.239999771118164,3.880000114440918,3.880000114440918,4742900,UWMC
492,2022-04-13,3.930000066757202,4.070000171661377,3.8499999046325684,3.9800000190734863,1825800,UWMC
493,2022-04-14,4.010000228881836,4.050000190734863,3.869999885559082,3.890000104904175,2109600,UWMC
494,2022-04-18,3.9200000762939453,3.9800000190734863,3.819999933242798,3.9100000858306885,1156300,UWMC
495,2022-04-19,3.9100000858306885,3.990000009536743,3.8450000286102295,3.950000047683716,1384200,UWMC
496,2022-04-20,3.950000047683716,3.990000009536743,3.8499999046325684,3.8499999046325684,1118600,UWMC
497,2022-04-21,3.8499999046325684,3.9100000858306885,3.7100000381469727,3.759999990463257,1551300,UWMC
498,2022-04-22,3.75,3.7699999809265137,3.630000114440918,3.6500000953674316,1806400,UWMC
499,2022-04-25,3.609999895095825,3.7799999713897705,3.5450000762939453,3.759999990463257,2182900,UWMC
500,2022-04-26,3.7100000381469727,3.7300000190734863,3.509999990463257,3.5199999809265137,1284600,UWMC
501,2022-04-27,3.5399999618530273,3.5899999141693115,3.4100000858306885,3.4700000286102295,1824600,UWMC
502,2022-04-28,3.5199999809265137,3.7799999713897705,3.4100000858306885,3.690000057220459,2955600,UWMC
503,2022-04-29,3.6600000858306885,3.865000009536743,3.6500000953674316,3.7100000381469727,2284100,UWMC
504,2022-05-02,3.7100000381469727,3.744999885559082,3.5999999046325684,3.680000066757202,2128900,UWMC
505,2022-05-03,3.630000114440918,3.9100000858306885,3.630000114440918,3.7699999809265137,1703200,UWMC
506,2022-05-04,3.75,3.880000114440918,3.6600000858306885,3.869999885559082,1170600,UWMC
507,2022-05-05,3.809999942779541,3.812000036239624,3.640000104904175,3.740000009536743,1249300,UWMC
508,2022-05-06,3.740000009536743,3.7799999713897705,3.5350000858306885,3.619999885559082,2180600,UWMC
509,2022-05-09,3.559999942779541,3.5799999237060547,3.380000114440918,3.4800000190734863,2349400,UWMC
510,2022-05-10,3.5199999809265137,4.0,3.430000066757202,3.5999999046325684,5766600,UWMC
511,2022-05-11,3.569999933242798,3.799999952316284,3.4800000190734863,3.490000009536743,3812900,UWMC
512,2022-05-12,3.5,3.7750000953674316,3.4649999141693115,3.700000047683716,4843100,UWMC
513,2022-05-13,3.7300000190734863,3.8299999237060547,3.6500000953674316,3.7899999618530273,2571000,UWMC
514,2022-05-16,3.75,3.984999895095825,3.7300000190734863,3.9000000953674316,2918200,UWMC
515,2022-05-17,3.9000000953674316,4.059999942779541,3.880000114440918,4.050000190734863,1949200,UWMC
516,2022-05-18,4.050000190734863,4.23799991607666,3.9200000762939453,4.010000228881836,2496600,UWMC
517,2022-05-19,3.690000057220459,3.940000057220459,3.690000057220459,3.9200000762939453,2695500,UWMC
518,2022-05-20,3.9200000762939453,3.9800000190734863,3.8399999141693115,3.9600000381469727,1871800,UWMC
519,2022-05-23,4.0,4.03000020980835,3.865000009536743,3.9700000286102295,1286000,UWMC
520,2022-05-24,3.9200000762939453,3.950000047683716,3.7950000762939453,3.869999885559082,1546600,UWMC
521,2022-05-25,3.859999895095825,3.9600000381469727,3.8450000286102295,3.950000047683716,1367000,UWMC
522,2022-05-26,3.950000047683716,4.119999885559082,3.930000066757202,4.019999980926514,1602100,UWMC
523,2022-05-27,4.010000228881836,4.130000114440918,3.990999937057495,4.110000133514404,1622700,UWMC
524,2022-05-31,4.099999904632568,4.119999885559082,4.010000228881836,4.050000190734863,1927500,UWMC
525,2022-06-01,4.059999942779541,4.070000171661377,3.9149999618530273,4.070000171661377,2059500,UWMC
526,2022-06-02,3.950000047683716,4.090000152587891,3.950000047683716,4.090000152587891,995900,UWMC
527,2022-06-03,4.050000190734863,4.054999828338623,3.950000047683716,3.990000009536743,933000,UWMC
528,2022-06-06,4.019999980926514,4.105000019073486,4.002999782562256,4.059999942779541,965200,UWMC
529,2022-06-07,4.010000228881836,4.179999828338623,4.005000114440918,4.170000076293945,1480000,UWMC
530,2022-06-08,4.139999866485596,4.239999771118164,4.050000190734863,4.130000114440918,1074200,UWMC
531,2022-06-09,4.110000133514404,4.179999828338623,4.059999942779541,4.110000133514404,1033500,UWMC
532,2022-06-10,4.059999942779541,4.090000152587891,3.7799999713897705,3.8499999046325684,2167500,UWMC
533,2022-06-13,3.700000047683716,3.744999885559082,3.4600000381469727,3.5,2390000,UWMC
534,2022-06-14,3.5399999618530273,3.569999933242798,3.4600000381469727,3.509999990463257,1180400,UWMC
535,2022-06-15,3.5199999809265137,3.5450000762939453,3.234999895095825,3.390000104904175,3163800,UWMC
536,2022-06-16,3.3399999141693115,3.369999885559082,3.2200000286102295,3.2799999713897705,2133400,UWMC
537,2022-06-17,3.25,3.2799999713897705,3.140000104904175,3.2200000286102295,1950500,UWMC
538,2022-06-21,3.25,3.365000009536743,3.2300000190734863,3.25,1233000,UWMC
539,2022-06-22,3.2200000286102295,3.430000066757202,3.2200000286102295,3.369999885559082,1623700,UWMC
540,2022-06-23,3.369999885559082,3.6500000953674316,3.319999933242798,3.640000104904175,1533500,UWMC
541,2022-06-24,3.619999885559082,3.9800000190734863,3.619999885559082,3.8299999237060547,2641100,UWMC
542,2022-06-27,3.8399999141693115,3.8399999141693115,3.694999933242798,3.7699999809265137,1035300,UWMC
543,2022-06-28,3.759999990463257,3.8299999237060547,3.640000104904175,3.6600000858306885,1221100,UWMC
544,2022-06-29,3.6600000858306885,3.6600000858306885,3.5199999809265137,3.549999952316284,864800,UWMC
545,2022-06-30,3.5299999713897705,3.7049999237060547,3.4549999237060547,3.5399999618530273,1345000,UWMC
546,2022-07-01,3.5199999809265137,3.7899999618530273,3.5,3.7200000286102295,1359700,UWMC
547,2022-07-05,3.619999885559082,3.8580000400543213,3.5799999237060547,3.8499999046325684,1312300,UWMC
548,2022-07-06,3.859999895095825,3.9749999046325684,3.6700000762939453,3.6700000762939453,1799900,UWMC
549,2022-07-07,3.7300000190734863,3.869999885559082,3.7100000381469727,3.8499999046325684,1787100,UWMC
550,2022-07-08,3.8299999237060547,3.875,3.7799999713897705,3.8299999237060547,1271300,UWMC
551,2022-07-11,3.8499999046325684,3.884999990463257,3.7100000381469727,3.75,1239800,UWMC
552,2022-07-12,3.75,3.9000000953674316,3.744999885559082,3.75,1449600,UWMC
553,2022-07-13,3.7300000190734863,3.75,3.640000104904175,3.7100000381469727,1270000,UWMC
554,2022-07-14,3.6700000762939453,3.680000066757202,3.3340001106262207,3.4200000762939453,3307800,UWMC
555,2022-07-15,3.4700000286102295,3.565000057220459,3.3949999809265137,3.5199999809265137,1173400,UWMC
556,2022-07-18,3.5199999809265137,3.630000114440918,3.4700000286102295,3.490000009536743,1134900,UWMC
557,2022-07-19,3.5199999809265137,3.5999999046325684,3.5,3.549999952316284,1046800,UWMC
558,2022-07-20,3.559999942779541,3.7100000381469727,3.5399999618530273,3.6500000953674316,1866100,UWMC
559,2022-07-21,3.5999999046325684,3.759999990463257,3.5999999046325684,3.7300000190734863,1503300,UWMC
560,2022-07-22,3.7300000190734863,3.7799999713897705,3.6449999809265137,3.6700000762939453,1258600,UWMC
561,2022-07-25,3.6600000858306885,3.7249999046325684,3.5299999713897705,3.700000047683716,1684500,UWMC
562,2022-07-26,3.6500000953674316,3.6500000953674316,3.4800000190734863,3.4800000190734863,1108800,UWMC
563,2022-07-27,3.509999990463257,3.569999933242798,3.4800000190734863,3.5299999713897705,1156700,UWMC
564,2022-07-28,3.559999942779541,3.6700000762939453,3.5199999809265137,3.609999895095825,929400,UWMC
565,2022-07-29,3.609999895095825,3.819999933242798,3.5850000381469727,3.7699999809265137,2182900,UWMC
566,2022-08-01,3.700000047683716,3.755000114440918,3.6500000953674316,3.680000066757202,1481500,UWMC
567,2022-08-02,3.690000057220459,3.934999942779541,3.640000104904175,3.859999895095825,1613700,UWMC
568,2022-08-03,3.869999885559082,4.03000020980835,3.869999885559082,3.9800000190734863,1188200,UWMC
569,2022-08-04,3.950000047683716,4.090000152587891,3.930000066757202,4.039999961853027,1171600,UWMC
570,2022-08-05,3.9600000381469727,4.090000152587891,3.799999952316284,4.059999942779541,1443900,UWMC
571,2022-08-08,4.050000190734863,4.170000076293945,3.990000009536743,4.019999980926514,1519300,UWMC
572,2022-08-09,4.03000020980835,4.257999897003174,3.940000057220459,4.050000190734863,2404300,UWMC
573,2022-08-10,3.930000066757202,4.110000133514404,3.890000104904175,4.0,1518300,UWMC
574,2022-08-11,4.050000190734863,4.380000114440918,3.9700000286102295,4.0,3005000,UWMC
575,2022-08-12,4.010000228881836,4.090000152587891,3.9600000381469727,4.059999942779541,1181200,UWMC
576,2022-08-15,4.039999961853027,4.170000076293945,3.880000114440918,4.019999980926514,1956400,UWMC
577,2022-08-16,4.0,4.125,3.930000066757202,4.070000171661377,1426600,UWMC
578,2022-08-17,4.019999980926514,4.059999942779541,3.9200000762939453,3.9600000381469727,938000,UWMC
579,2022-08-18,3.950000047683716,4.005000114440918,3.947000026702881,3.9700000286102295,572300,UWMC
580,2022-08-19,3.950000047683716,4.005000114440918,3.9000000953674316,3.950000047683716,1349300,UWMC
581,2022-08-22,3.880000114440918,3.9100000858306885,3.690000057220459,3.759999990463257,1708400,UWMC
582,2022-08-23,3.759999990463257,3.809999942779541,3.615000009536743,3.640000104904175,956100,UWMC
583,2022-08-24,3.6600000858306885,3.7699999809265137,3.61299991607666,3.6600000858306885,1047400,UWMC
584,2022-08-25,3.700000047683716,3.7899999618530273,3.6700000762939453,3.7699999809265137,778700,UWMC
585,2022-08-26,3.7899999618530273,3.7950000762939453,3.5999999046325684,3.5999999046325684,839300,UWMC
586,2022-08-29,3.549999952316284,3.690000057220459,3.549999952316284,3.559999942779541,1363900,UWMC
587,2022-08-30,3.5999999046325684,3.640000104904175,3.555000066757202,3.5899999141693115,783200,UWMC
588,2022-08-31,3.5999999046325684,3.680000066757202,3.565000057220459,3.619999885559082,847300,UWMC
589,2022-09-01,3.5999999046325684,3.6600000858306885,3.5199999809265137,3.5999999046325684,1471800,UWMC
590,2022-09-02,3.619999885559082,3.6679999828338623,3.5199999809265137,3.5399999618530273,654900,UWMC
591,2022-09-06,3.5999999046325684,3.619999885559082,3.450000047683716,3.509999990463257,1472600,UWMC
592,2022-09-07,3.569999933242798,3.740000009536743,3.5399999618530273,3.609999895095825,1669300,UWMC
593,2022-09-08,3.5799999237060547,3.6500000953674316,3.5299999713897705,3.6500000953674316,864100,UWMC
594,2022-09-09,3.6700000762939453,3.75,3.6600000858306885,3.740000009536743,757600,UWMC
595,2022-09-12,3.75,3.805000066757202,3.7249999046325684,3.7699999809265137,638300,UWMC
596,2022-09-13,3.680000066757202,3.734999895095825,3.5889999866485596,3.690000057220459,1426300,UWMC
597,2022-09-14,3.7300000190734863,3.880000114440918,3.684999942779541,3.859999895095825,1809600,UWMC
598,2022-09-15,3.819999933242798,3.940000057220459,3.7850000858306885,3.8299999237060547,1000300,UWMC
599,2022-09-16,3.7799999713897705,3.799999952316284,3.690000057220459,3.690000057220459,1761100,UWMC
600,2022-09-19,3.5899999141693115,3.7300000190734863,3.5899999141693115,3.690000057220459,1286400,UWMC
601,2022-09-20,3.6500000953674316,3.680000066757202,3.5999999046325684,3.630000114440918,670400,UWMC
602,2022-09-21,3.6500000953674316,3.7850000858306885,3.640000104904175,3.690000057220459,1186000,UWMC
603,2022-09-22,3.6500000953674316,3.690000057220459,3.4600000381469727,3.490000009536743,1216000,UWMC
604,2022-09-23,3.450000047683716,3.4800000190734863,3.309999942779541,3.4000000953674316,1404000,UWMC
605,2022-09-26,3.380000114440918,3.4800000190734863,3.140000104904175,3.140000104904175,1815700,UWMC
606,2022-09-27,3.1600000858306885,3.200000047683716,3.0199999809265137,3.0799999237060547,1405500,UWMC
607,2022-09-28,3.0799999237060547,3.0799999237060547,2.9800000190734863,3.049999952316284,2183900,UWMC
608,2022-09-29,3.0199999809265137,3.0199999809265137,2.8399999141693115,2.869999885559082,1847000,UWMC
609,2022-09-30,2.890000104904175,3.069999933242798,2.880000114440918,2.930000066757202,1330700,UWMC
610,2022-10-03,2.9600000381469727,3.0899999141693115,2.875,3.0799999237060547,853100,UWMC
611,2022-10-04,3.119999885559082,3.259999990463257,3.119999885559082,3.25,1323600,UWMC
612,2022-10-05,3.180000066757202,3.25,3.109999895095825,3.25,546300,UWMC
613,2022-10-06,3.259999990463257,3.359999895095825,3.200000047683716,3.2200000286102295,703200,UWMC
614,2022-10-07,3.2300000190734863,3.2750000953674316,3.1540000438690186,3.259999990463257,1215200,UWMC
615,2022-10-10,3.2799999713897705,3.2850000858306885,3.140000104904175,3.180000066757202,484700,UWMC
616,2022-10-11,3.1700000762939453,3.194999933242798,3.0450000762939453,3.180000066757202,1159700,UWMC
617,2022-10-12,3.190000057220459,3.375,3.0999999046325684,3.3399999141693115,1141300,UWMC
618,2022-10-13,3.240000009536743,3.2799999713897705,3.1549999713897705,3.2799999713897705,974900,UWMC
619,2022-10-14,3.2899999618530273,3.299999952316284,3.109999895095825,3.119999885559082,860900,UWMC
620,2022-10-17,3.1500000953674316,3.180999994277954,3.109999895095825,3.140000104904175,602400,UWMC
621,2022-10-18,3.190000057220459,3.250999927520752,3.069999933242798,3.119999885559082,898900,UWMC
622,2022-10-19,3.0899999141693115,3.174999952316284,3.0399999618530273,3.059999942779541,744500,UWMC
623,2022-10-20,3.049999952316284,3.059999942779541,2.9000000953674316,2.9200000762939453,1261000,UWMC
624,2022-10-21,2.9200000762939453,3.0999999046325684,2.8499999046325684,3.0799999237060547,1440100,UWMC
625,2022-10-24,3.0899999141693115,3.0899999141693115,2.9200000762939453,2.9700000286102295,894600,UWMC
626,2022-10-25,2.990000009536743,3.1500000953674316,2.9800000190734863,3.059999942779541,1056900,UWMC
627,2022-10-26,3.0899999141693115,3.180000066757202,3.0299999713897705,3.0299999713897705,798200,UWMC
628,2022-10-27,3.059999942779541,3.130000114440918,3.015000104904175,3.0199999809265137,558000,UWMC
629,2022-10-28,3.0199999809265137,3.200000047683716,3.0,3.1600000858306885,1361700,UWMC
630,2022-10-31,3.1600000858306885,3.309999942779541,3.1549999713897705,3.2799999713897705,1023800,UWMC
631,2022-11-01,3.319999933242798,3.319999933242798,3.2300000190734863,3.240000009536743,363500,UWMC
632,2022-11-02,3.2100000381469727,3.305000066757202,3.1649999618530273,3.200000047683716,812100,UWMC
633,2022-11-03,3.1500000953674316,3.1700000762939453,3.0450000762939453,3.0899999141693115,1171200,UWMC
634,2022-11-04,3.2899999618530273,3.7249999046325684,3.2799999713897705,3.7100000381469727,3538400,UWMC
635,2022-11-07,3.7200000286102295,4.03000020980835,3.7200000286102295,3.9600000381469727,2282700,UWMC
636,2022-11-08,4.03000020980835,4.110000133514404,3.740999937057495,3.940000057220459,2893900,UWMC
637,2022-11-09,3.9200000762939453,3.930000066757202,3.7699999809265137,3.7799999713897705,1069000,UWMC
638,2022-11-10,3.940000057220459,4.164999961853027,3.940000057220459,4.159999847412109,2543700,UWMC
639,2022-11-11,4.179999828338623,4.349999904632568,4.150000095367432,4.239999771118164,1980100,UWMC
640,2022-11-14,4.159999847412109,4.215000152587891,4.065000057220459,4.130000114440918,1676200,UWMC
641,2022-11-15,4.199999809265137,4.34499979019165,4.150000095367432,4.190000057220459,1428800,UWMC
642,2022-11-16,4.139999866485596,4.139999866485596,3.9649999141693115,4.059999942779541,834100,UWMC
643,2022-11-17,3.950000047683716,4.090000152587891,3.930000066757202,4.070000171661377,474000,UWMC
644,2022-11-18,4.099999904632568,4.199999809265137,4.005000114440918,4.090000152587891,1008600,UWMC
645,2022-11-21,4.059999942779541,4.184999942779541,4.059999942779541,4.079999923706055,348100,UWMC
646,2022-11-22,4.090000152587891,4.145999908447266,4.050000190734863,4.070000171661377,321100,UWMC
647,2022-11-23,4.059999942779541,4.309999942779541,4.045000076293945,4.269999980926514,1261200,UWMC
648,2022-11-25,4.239999771118164,4.340000152587891,4.199999809265137,4.239999771118164,672800,UWMC
649,2022-11-28,4.179999828338623,4.261000156402588,4.090000152587891,4.119999885559082,638000,UWMC
650,2022-11-29,4.110000133514404,4.320000171661377,4.080999851226807,4.289999961853027,703300,UWMC
651,2022-11-30,4.260000228881836,4.510000228881836,4.199999809265137,4.449999809265137,2338100,UWMC
652,2022-12-01,4.46999979019165,4.510000228881836,4.300000190734863,4.360000133514404,1353700,UWMC
653,2022-12-02,4.289999961853027,4.510000228881836,4.25,4.46999979019165,1155800,UWMC
654,2022-12-05,4.449999809265137,4.659999847412109,4.414999961853027,4.550000190734863,1249500,UWMC
655,2022-12-06,4.519999980926514,4.75,4.400000095367432,4.730000019073486,2438200,UWMC
656,2022-12-07,4.730000019073486,4.880000114440918,4.585000038146973,4.630000114440918,1453500,UWMC
657,2022-12-08,4.539999961853027,4.704999923706055,4.539999961853027,4.610000133514404,954400,UWMC
658,2022-12-09,4.599999904632568,4.820000171661377,4.53000020980835,4.639999866485596,1273100,UWMC
659,2022-12-12,4.639999866485596,4.71999979019165,4.59499979019165,4.659999847412109,668500,UWMC
660,2022-12-13,4.659999847412109,4.769999980926514,4.559999942779541,4.690000057220459,1763200,UWMC
661,2022-12-14,4.670000076293945,4.676000118255615,4.449999809265137,4.5,970900,UWMC
662,2022-12-15,4.360000133514404,4.420000076293945,4.230000019073486,4.260000228881836,1031000,UWMC
663,2022-12-16,4.25,4.385000228881836,4.21999979019165,4.269999980926514,1320000,UWMC
664,2022-12-19,4.239999771118164,4.239999771118164,4.054999828338623,4.070000171661377,758500,UWMC
665,2022-12-20,4.03000020980835,4.139999866485596,3.7699999809265137,3.7799999713897705,2284100,UWMC
666,2022-12-21,3.9000000953674316,3.9000000953674316,3.559999942779541,3.7100000381469727,2353600,UWMC
667,2022-12-22,3.6500000953674316,3.7699999809265137,3.515000104904175,3.759999990463257,1515400,UWMC
668,2022-12-23,3.740000009536743,3.7780001163482666,3.5399999618530273,3.559999942779541,859600,UWMC
669,2022-12-27,3.5199999809265137,3.556999921798706,3.3399999141693115,3.4100000858306885,1119100,UWMC
670,2022-12-28,3.4200000762939453,3.4649999141693115,3.299999952316284,3.3299999237060547,1370200,UWMC
671,2022-12-29,3.3399999141693115,3.434999942779541,3.3299999237060547,3.4100000858306885,1123600,UWMC
672,2022-12-30,3.359999895095825,3.4000000953674316,3.2300000190734863,3.309999942779541,1266400,UWMC
